triad,way,model,cell,seed,verdict,error_count,reason
cg_v01,way1,cg,golden,42,FAIL,0,no_result
cg_v01,way1,cg,golden,1337,FAIL,0,no_result
cg_v01,way1,cg,golden,9001,FAIL,0,no_result
cg_v01,way1,cg,golden,271828,FAIL,0,no_result
cg_v01,way1,cg,golden,314159,FAIL,0,no_result
cg_v01,way1,cg,W-01_mod_latency_plus1,42,FAIL,0,no_result
cg_v01,way1,cg,W-01_mod_latency_plus1,1337,FAIL,0,no_result
cg_v01,way1,cg,W-01_mod_latency_plus1,9001,FAIL,0,no_result
cg_v01,way1,cg,W-01_mod_latency_plus1,271828,FAIL,0,no_result
cg_v01,way1,cg,W-01_mod_latency_plus1,314159,FAIL,0,no_result
cg_v01,way1,cg,W-02_demod_latency_plus1,42,FAIL,0,no_result
cg_v01,way1,cg,W-02_demod_latency_plus1,1337,FAIL,0,no_result
cg_v01,way1,cg,W-02_demod_latency_plus1,9001,FAIL,0,no_result
cg_v01,way1,cg,W-02_demod_latency_plus1,271828,FAIL,0,no_result
cg_v01,way1,cg,W-02_demod_latency_plus1,314159,FAIL,0,no_result
cg_v01,way1,cg,W-03_mod_idle_zero,42,FAIL,0,no_result
cg_v01,way1,cg,W-03_mod_idle_zero,1337,FAIL,0,no_result
cg_v01,way1,cg,W-03_mod_idle_zero,9001,FAIL,0,no_result
cg_v01,way1,cg,W-03_mod_idle_zero,271828,FAIL,0,no_result
cg_v01,way1,cg,W-03_mod_idle_zero,314159,FAIL,0,no_result
cg_v01,way1,cg,W-04_demod_idle_zero,42,FAIL,0,no_result
cg_v01,way1,cg,W-04_demod_idle_zero,1337,FAIL,0,no_result
cg_v01,way1,cg,W-04_demod_idle_zero,9001,FAIL,0,no_result
cg_v01,way1,cg,W-04_demod_idle_zero,271828,FAIL,0,no_result
cg_v01,way1,cg,W-04_demod_idle_zero,314159,FAIL,0,no_result
cg_v01,way1,cg,W-05_mod_reset_late,42,FAIL,0,no_result
cg_v01,way1,cg,W-05_mod_reset_late,1337,FAIL,0,no_result
cg_v01,way1,cg,W-05_mod_reset_late,9001,FAIL,0,no_result
cg_v01,way1,cg,W-05_mod_reset_late,271828,FAIL,0,no_result
cg_v01,way1,cg,W-05_mod_reset_late,314159,FAIL,0,no_result
cg_v01,way1,cg,W-06_demod_reset_late,42,FAIL,0,no_result
cg_v01,way1,cg,W-06_demod_reset_late,1337,FAIL,0,no_result
cg_v01,way1,cg,W-06_demod_reset_late,9001,FAIL,0,no_result
cg_v01,way1,cg,W-06_demod_reset_late,271828,FAIL,0,no_result
cg_v01,way1,cg,W-06_demod_reset_late,314159,FAIL,0,no_result
cg_v01,way1,cg,W-07_ch_noise_doubled,42,FAIL,0,no_result
cg_v01,way1,cg,W-07_ch_noise_doubled,1337,FAIL,0,no_result
cg_v01,way1,cg,W-07_ch_noise_doubled,9001,FAIL,0,no_result
cg_v01,way1,cg,W-07_ch_noise_doubled,271828,FAIL,0,no_result
cg_v01,way1,cg,W-07_ch_noise_doubled,314159,FAIL,0,no_result
cg_v01,way1,cg,W-08_ch_rotation_doubled,42,FAIL,0,no_result
cg_v01,way1,cg,W-08_ch_rotation_doubled,1337,FAIL,0,no_result
cg_v01,way1,cg,W-08_ch_rotation_doubled,9001,FAIL,0,no_result
cg_v01,way1,cg,W-08_ch_rotation_doubled,271828,FAIL,0,no_result
cg_v01,way1,cg,W-08_ch_rotation_doubled,314159,FAIL,0,no_result
cg_v01,way1,cg,W-09_ch_latency_plus1,42,FAIL,0,no_result
cg_v01,way1,cg,W-09_ch_latency_plus1,1337,FAIL,0,no_result
cg_v01,way1,cg,W-09_ch_latency_plus1,9001,FAIL,0,no_result
cg_v01,way1,cg,W-09_ch_latency_plus1,271828,FAIL,0,no_result
cg_v01,way1,cg,W-09_ch_latency_plus1,314159,FAIL,0,no_result
cg_v01,way1,cg,W-10_ch_idle_zero,42,FAIL,0,no_result
cg_v01,way1,cg,W-10_ch_idle_zero,1337,FAIL,0,no_result
cg_v01,way1,cg,W-10_ch_idle_zero,9001,FAIL,0,no_result
cg_v01,way1,cg,W-10_ch_idle_zero,271828,FAIL,0,no_result
cg_v01,way1,cg,W-10_ch_idle_zero,314159,FAIL,0,no_result
cg_v01,way1,cg,S-01_const_sym10_i,42,FAIL,0,no_result
cg_v01,way1,cg,S-01_const_sym10_i,1337,FAIL,0,no_result
cg_v01,way1,cg,S-01_const_sym10_i,9001,FAIL,0,no_result
cg_v01,way1,cg,S-01_const_sym10_i,271828,FAIL,0,no_result
cg_v01,way1,cg,S-01_const_sym10_i,314159,FAIL,0,no_result
cg_v01,way1,cg,S-02_const_sym01_q,42,FAIL,0,no_result
cg_v01,way1,cg,S-02_const_sym01_q,1337,FAIL,0,no_result
cg_v01,way1,cg,S-02_const_sym01_q,9001,FAIL,0,no_result
cg_v01,way1,cg,S-02_const_sym01_q,271828,FAIL,0,no_result
cg_v01,way1,cg,S-02_const_sym01_q,314159,FAIL,0,no_result
cg_v01,way1,cg,S-03_slice_invert_i,42,FAIL,0,no_result
cg_v01,way1,cg,S-03_slice_invert_i,1337,FAIL,0,no_result
cg_v01,way1,cg,S-03_slice_invert_i,9001,FAIL,0,no_result
cg_v01,way1,cg,S-03_slice_invert_i,271828,FAIL,0,no_result
cg_v01,way1,cg,S-03_slice_invert_i,314159,FAIL,0,no_result
cg_v01,way1,cg,S-05_mod_valid_gate,42,FAIL,0,no_result
cg_v01,way1,cg,S-05_mod_valid_gate,1337,FAIL,0,no_result
cg_v01,way1,cg,S-05_mod_valid_gate,9001,FAIL,0,no_result
cg_v01,way1,cg,S-05_mod_valid_gate,271828,FAIL,0,no_result
cg_v01,way1,cg,S-05_mod_valid_gate,314159,FAIL,0,no_result
cg_v01,way1,cg,S-09_ch_q_inversion,42,FAIL,0,no_result
cg_v01,way1,cg,S-09_ch_q_inversion,1337,FAIL,0,no_result
cg_v01,way1,cg,S-09_ch_q_inversion,9001,FAIL,0,no_result
cg_v01,way1,cg,S-09_ch_q_inversion,271828,FAIL,0,no_result
cg_v01,way1,cg,S-09_ch_q_inversion,314159,FAIL,0,no_result
cg_v01,way1,cg,S-11_ch_noise_overload,42,FAIL,0,no_result
cg_v01,way1,cg,S-11_ch_noise_overload,1337,FAIL,0,no_result
cg_v01,way1,cg,S-11_ch_noise_overload,9001,FAIL,0,no_result
cg_v01,way1,cg,S-11_ch_noise_overload,271828,FAIL,0,no_result
cg_v01,way1,cg,S-11_ch_noise_overload,314159,FAIL,0,no_result
cg_v02,way1,cg,golden,42,FAIL,0,no_result
cg_v02,way1,cg,golden,1337,FAIL,0,no_result
cg_v02,way1,cg,golden,9001,FAIL,0,no_result
cg_v02,way1,cg,golden,271828,FAIL,0,no_result
cg_v02,way1,cg,golden,314159,FAIL,0,no_result
cg_v02,way1,cg,W-01_mod_latency_plus1,42,FAIL,0,no_result
cg_v02,way1,cg,W-01_mod_latency_plus1,1337,FAIL,0,no_result
cg_v02,way1,cg,W-01_mod_latency_plus1,9001,FAIL,0,no_result
cg_v02,way1,cg,W-01_mod_latency_plus1,271828,FAIL,0,no_result
cg_v02,way1,cg,W-01_mod_latency_plus1,314159,FAIL,0,no_result
cg_v02,way1,cg,W-02_demod_latency_plus1,42,FAIL,0,no_result
cg_v02,way1,cg,W-02_demod_latency_plus1,1337,FAIL,0,no_result
cg_v02,way1,cg,W-02_demod_latency_plus1,9001,FAIL,0,no_result
cg_v02,way1,cg,W-02_demod_latency_plus1,271828,FAIL,0,no_result
cg_v02,way1,cg,W-02_demod_latency_plus1,314159,FAIL,0,no_result
cg_v02,way1,cg,W-03_mod_idle_zero,42,FAIL,0,no_result
cg_v02,way1,cg,W-03_mod_idle_zero,1337,FAIL,0,no_result
cg_v02,way1,cg,W-03_mod_idle_zero,9001,FAIL,0,no_result
cg_v02,way1,cg,W-03_mod_idle_zero,271828,FAIL,0,no_result
cg_v02,way1,cg,W-03_mod_idle_zero,314159,FAIL,0,no_result
cg_v02,way1,cg,W-04_demod_idle_zero,42,FAIL,0,no_result
cg_v02,way1,cg,W-04_demod_idle_zero,1337,FAIL,0,no_result
cg_v02,way1,cg,W-04_demod_idle_zero,9001,FAIL,0,no_result
cg_v02,way1,cg,W-04_demod_idle_zero,271828,FAIL,0,no_result
cg_v02,way1,cg,W-04_demod_idle_zero,314159,FAIL,0,no_result
cg_v02,way1,cg,W-05_mod_reset_late,42,FAIL,0,no_result
cg_v02,way1,cg,W-05_mod_reset_late,1337,FAIL,0,no_result
cg_v02,way1,cg,W-05_mod_reset_late,9001,FAIL,0,no_result
cg_v02,way1,cg,W-05_mod_reset_late,271828,FAIL,0,no_result
cg_v02,way1,cg,W-05_mod_reset_late,314159,FAIL,0,no_result
cg_v02,way1,cg,W-06_demod_reset_late,42,FAIL,0,no_result
cg_v02,way1,cg,W-06_demod_reset_late,1337,FAIL,0,no_result
cg_v02,way1,cg,W-06_demod_reset_late,9001,FAIL,0,no_result
cg_v02,way1,cg,W-06_demod_reset_late,271828,FAIL,0,no_result
cg_v02,way1,cg,W-06_demod_reset_late,314159,FAIL,0,no_result
cg_v02,way1,cg,W-07_ch_noise_doubled,42,FAIL,0,no_result
cg_v02,way1,cg,W-07_ch_noise_doubled,1337,FAIL,0,no_result
cg_v02,way1,cg,W-07_ch_noise_doubled,9001,FAIL,0,no_result
cg_v02,way1,cg,W-07_ch_noise_doubled,271828,FAIL,0,no_result
cg_v02,way1,cg,W-07_ch_noise_doubled,314159,FAIL,0,no_result
cg_v02,way1,cg,W-08_ch_rotation_doubled,42,FAIL,0,no_result
cg_v02,way1,cg,W-08_ch_rotation_doubled,1337,FAIL,0,no_result
cg_v02,way1,cg,W-08_ch_rotation_doubled,9001,FAIL,0,no_result
cg_v02,way1,cg,W-08_ch_rotation_doubled,271828,FAIL,0,no_result
cg_v02,way1,cg,W-08_ch_rotation_doubled,314159,FAIL,0,no_result
cg_v02,way1,cg,W-09_ch_latency_plus1,42,FAIL,0,no_result
cg_v02,way1,cg,W-09_ch_latency_plus1,1337,FAIL,0,no_result
cg_v02,way1,cg,W-09_ch_latency_plus1,9001,FAIL,0,no_result
cg_v02,way1,cg,W-09_ch_latency_plus1,271828,FAIL,0,no_result
cg_v02,way1,cg,W-09_ch_latency_plus1,314159,FAIL,0,no_result
cg_v02,way1,cg,W-10_ch_idle_zero,42,FAIL,0,no_result
cg_v02,way1,cg,W-10_ch_idle_zero,1337,FAIL,0,no_result
cg_v02,way1,cg,W-10_ch_idle_zero,9001,FAIL,0,no_result
cg_v02,way1,cg,W-10_ch_idle_zero,271828,FAIL,0,no_result
cg_v02,way1,cg,W-10_ch_idle_zero,314159,FAIL,0,no_result
cg_v02,way1,cg,S-01_const_sym10_i,42,FAIL,0,no_result
cg_v02,way1,cg,S-01_const_sym10_i,1337,FAIL,0,no_result
cg_v02,way1,cg,S-01_const_sym10_i,9001,FAIL,0,no_result
cg_v02,way1,cg,S-01_const_sym10_i,271828,FAIL,0,no_result
cg_v02,way1,cg,S-01_const_sym10_i,314159,FAIL,0,no_result
cg_v02,way1,cg,S-02_const_sym01_q,42,FAIL,0,no_result
cg_v02,way1,cg,S-02_const_sym01_q,1337,FAIL,0,no_result
cg_v02,way1,cg,S-02_const_sym01_q,9001,FAIL,0,no_result
cg_v02,way1,cg,S-02_const_sym01_q,271828,FAIL,0,no_result
cg_v02,way1,cg,S-02_const_sym01_q,314159,FAIL,0,no_result
cg_v02,way1,cg,S-03_slice_invert_i,42,FAIL,0,no_result
cg_v02,way1,cg,S-03_slice_invert_i,1337,FAIL,0,no_result
cg_v02,way1,cg,S-03_slice_invert_i,9001,FAIL,0,no_result
cg_v02,way1,cg,S-03_slice_invert_i,271828,FAIL,0,no_result
cg_v02,way1,cg,S-03_slice_invert_i,314159,FAIL,0,no_result
cg_v02,way1,cg,S-05_mod_valid_gate,42,FAIL,0,no_result
cg_v02,way1,cg,S-05_mod_valid_gate,1337,FAIL,0,no_result
cg_v02,way1,cg,S-05_mod_valid_gate,9001,FAIL,0,no_result
cg_v02,way1,cg,S-05_mod_valid_gate,271828,FAIL,0,no_result
cg_v02,way1,cg,S-05_mod_valid_gate,314159,FAIL,0,no_result
cg_v02,way1,cg,S-09_ch_q_inversion,42,FAIL,0,no_result
cg_v02,way1,cg,S-09_ch_q_inversion,1337,FAIL,0,no_result
cg_v02,way1,cg,S-09_ch_q_inversion,9001,FAIL,0,no_result
cg_v02,way1,cg,S-09_ch_q_inversion,271828,FAIL,0,no_result
cg_v02,way1,cg,S-09_ch_q_inversion,314159,FAIL,0,no_result
cg_v02,way1,cg,S-11_ch_noise_overload,42,FAIL,0,no_result
cg_v02,way1,cg,S-11_ch_noise_overload,1337,FAIL,0,no_result
cg_v02,way1,cg,S-11_ch_noise_overload,9001,FAIL,0,no_result
cg_v02,way1,cg,S-11_ch_noise_overload,271828,FAIL,0,no_result
cg_v02,way1,cg,S-11_ch_noise_overload,314159,FAIL,0,no_result
cg_v03,way1,cg,golden,42,FAIL,0,no_result
cg_v03,way1,cg,golden,1337,FAIL,0,no_result
cg_v03,way1,cg,golden,9001,FAIL,0,no_result
cg_v03,way1,cg,golden,271828,FAIL,0,no_result
cg_v03,way1,cg,golden,314159,FAIL,0,no_result
cg_v03,way1,cg,W-01_mod_latency_plus1,42,FAIL,0,no_result
cg_v03,way1,cg,W-01_mod_latency_plus1,1337,FAIL,0,no_result
cg_v03,way1,cg,W-01_mod_latency_plus1,9001,FAIL,0,no_result
cg_v03,way1,cg,W-01_mod_latency_plus1,271828,FAIL,0,no_result
cg_v03,way1,cg,W-01_mod_latency_plus1,314159,FAIL,0,no_result
cg_v03,way1,cg,W-02_demod_latency_plus1,42,FAIL,0,no_result
cg_v03,way1,cg,W-02_demod_latency_plus1,1337,FAIL,0,no_result
cg_v03,way1,cg,W-02_demod_latency_plus1,9001,FAIL,0,no_result
cg_v03,way1,cg,W-02_demod_latency_plus1,271828,FAIL,0,no_result
cg_v03,way1,cg,W-02_demod_latency_plus1,314159,FAIL,0,no_result
cg_v03,way1,cg,W-03_mod_idle_zero,42,FAIL,0,no_result
cg_v03,way1,cg,W-03_mod_idle_zero,1337,FAIL,0,no_result
cg_v03,way1,cg,W-03_mod_idle_zero,9001,FAIL,0,no_result
cg_v03,way1,cg,W-03_mod_idle_zero,271828,FAIL,0,no_result
cg_v03,way1,cg,W-03_mod_idle_zero,314159,FAIL,0,no_result
cg_v03,way1,cg,W-04_demod_idle_zero,42,FAIL,0,no_result
cg_v03,way1,cg,W-04_demod_idle_zero,1337,FAIL,0,no_result
cg_v03,way1,cg,W-04_demod_idle_zero,9001,FAIL,0,no_result
cg_v03,way1,cg,W-04_demod_idle_zero,271828,FAIL,0,no_result
cg_v03,way1,cg,W-04_demod_idle_zero,314159,FAIL,0,no_result
cg_v03,way1,cg,W-05_mod_reset_late,42,FAIL,0,no_result
cg_v03,way1,cg,W-05_mod_reset_late,1337,FAIL,0,no_result
cg_v03,way1,cg,W-05_mod_reset_late,9001,FAIL,0,no_result
cg_v03,way1,cg,W-05_mod_reset_late,271828,FAIL,0,no_result
cg_v03,way1,cg,W-05_mod_reset_late,314159,FAIL,0,no_result
cg_v03,way1,cg,W-06_demod_reset_late,42,FAIL,0,no_result
cg_v03,way1,cg,W-06_demod_reset_late,1337,FAIL,0,no_result
cg_v03,way1,cg,W-06_demod_reset_late,9001,FAIL,0,no_result
cg_v03,way1,cg,W-06_demod_reset_late,271828,FAIL,0,no_result
cg_v03,way1,cg,W-06_demod_reset_late,314159,FAIL,0,no_result
cg_v03,way1,cg,W-07_ch_noise_doubled,42,FAIL,0,no_result
cg_v03,way1,cg,W-07_ch_noise_doubled,1337,FAIL,0,no_result
cg_v03,way1,cg,W-07_ch_noise_doubled,9001,FAIL,0,no_result
cg_v03,way1,cg,W-07_ch_noise_doubled,271828,FAIL,0,no_result
cg_v03,way1,cg,W-07_ch_noise_doubled,314159,FAIL,0,no_result
cg_v03,way1,cg,W-08_ch_rotation_doubled,42,FAIL,0,no_result
cg_v03,way1,cg,W-08_ch_rotation_doubled,1337,FAIL,0,no_result
cg_v03,way1,cg,W-08_ch_rotation_doubled,9001,FAIL,0,no_result
cg_v03,way1,cg,W-08_ch_rotation_doubled,271828,FAIL,0,no_result
cg_v03,way1,cg,W-08_ch_rotation_doubled,314159,FAIL,0,no_result
cg_v03,way1,cg,W-09_ch_latency_plus1,42,FAIL,0,no_result
cg_v03,way1,cg,W-09_ch_latency_plus1,1337,FAIL,0,no_result
cg_v03,way1,cg,W-09_ch_latency_plus1,9001,FAIL,0,no_result
cg_v03,way1,cg,W-09_ch_latency_plus1,271828,FAIL,0,no_result
cg_v03,way1,cg,W-09_ch_latency_plus1,314159,FAIL,0,no_result
cg_v03,way1,cg,W-10_ch_idle_zero,42,FAIL,0,no_result
cg_v03,way1,cg,W-10_ch_idle_zero,1337,FAIL,0,no_result
cg_v03,way1,cg,W-10_ch_idle_zero,9001,FAIL,0,no_result
cg_v03,way1,cg,W-10_ch_idle_zero,271828,FAIL,0,no_result
cg_v03,way1,cg,W-10_ch_idle_zero,314159,FAIL,0,no_result
cg_v03,way1,cg,S-01_const_sym10_i,42,FAIL,0,no_result
cg_v03,way1,cg,S-01_const_sym10_i,1337,FAIL,0,no_result
cg_v03,way1,cg,S-01_const_sym10_i,9001,FAIL,0,no_result
cg_v03,way1,cg,S-01_const_sym10_i,271828,FAIL,0,no_result
cg_v03,way1,cg,S-01_const_sym10_i,314159,FAIL,0,no_result
cg_v03,way1,cg,S-02_const_sym01_q,42,FAIL,0,no_result
cg_v03,way1,cg,S-02_const_sym01_q,1337,FAIL,0,no_result
cg_v03,way1,cg,S-02_const_sym01_q,9001,FAIL,0,no_result
cg_v03,way1,cg,S-02_const_sym01_q,271828,FAIL,0,no_result
cg_v03,way1,cg,S-02_const_sym01_q,314159,FAIL,0,no_result
cg_v03,way1,cg,S-03_slice_invert_i,42,FAIL,0,no_result
cg_v03,way1,cg,S-03_slice_invert_i,1337,FAIL,0,no_result
cg_v03,way1,cg,S-03_slice_invert_i,9001,FAIL,0,no_result
cg_v03,way1,cg,S-03_slice_invert_i,271828,FAIL,0,no_result
cg_v03,way1,cg,S-03_slice_invert_i,314159,FAIL,0,no_result
cg_v03,way1,cg,S-05_mod_valid_gate,42,FAIL,0,no_result
cg_v03,way1,cg,S-05_mod_valid_gate,1337,FAIL,0,no_result
cg_v03,way1,cg,S-05_mod_valid_gate,9001,FAIL,0,no_result
cg_v03,way1,cg,S-05_mod_valid_gate,271828,FAIL,0,no_result
cg_v03,way1,cg,S-05_mod_valid_gate,314159,FAIL,0,no_result
cg_v03,way1,cg,S-09_ch_q_inversion,42,FAIL,0,no_result
cg_v03,way1,cg,S-09_ch_q_inversion,1337,FAIL,0,no_result
cg_v03,way1,cg,S-09_ch_q_inversion,9001,FAIL,0,no_result
cg_v03,way1,cg,S-09_ch_q_inversion,271828,FAIL,0,no_result
cg_v03,way1,cg,S-09_ch_q_inversion,314159,FAIL,0,no_result
cg_v03,way1,cg,S-11_ch_noise_overload,42,FAIL,0,no_result
cg_v03,way1,cg,S-11_ch_noise_overload,1337,FAIL,0,no_result
cg_v03,way1,cg,S-11_ch_noise_overload,9001,FAIL,0,no_result
cg_v03,way1,cg,S-11_ch_noise_overload,271828,FAIL,0,no_result
cg_v03,way1,cg,S-11_ch_noise_overload,314159,FAIL,0,no_result
cg_v04,way1,cg,golden,42,PASS,0,
cg_v04,way1,cg,golden,1337,PASS,0,
cg_v04,way1,cg,golden,9001,PASS,0,
cg_v04,way1,cg,golden,271828,PASS,0,
cg_v04,way1,cg,golden,314159,PASS,0,
cg_v04,way1,cg,W-01_mod_latency_plus1,42,PASS,0,
cg_v04,way1,cg,W-01_mod_latency_plus1,1337,PASS,0,
cg_v04,way1,cg,W-01_mod_latency_plus1,9001,PASS,0,
cg_v04,way1,cg,W-01_mod_latency_plus1,271828,PASS,0,
cg_v04,way1,cg,W-01_mod_latency_plus1,314159,PASS,0,
cg_v04,way1,cg,W-02_demod_latency_plus1,42,PASS,0,
cg_v04,way1,cg,W-02_demod_latency_plus1,1337,PASS,0,
cg_v04,way1,cg,W-02_demod_latency_plus1,9001,PASS,0,
cg_v04,way1,cg,W-02_demod_latency_plus1,271828,PASS,0,
cg_v04,way1,cg,W-02_demod_latency_plus1,314159,PASS,0,
cg_v04,way1,cg,W-03_mod_idle_zero,42,PASS,0,
cg_v04,way1,cg,W-03_mod_idle_zero,1337,PASS,0,
cg_v04,way1,cg,W-03_mod_idle_zero,9001,PASS,0,
cg_v04,way1,cg,W-03_mod_idle_zero,271828,PASS,0,
cg_v04,way1,cg,W-03_mod_idle_zero,314159,PASS,0,
cg_v04,way1,cg,W-04_demod_idle_zero,42,PASS,0,
cg_v04,way1,cg,W-04_demod_idle_zero,1337,PASS,0,
cg_v04,way1,cg,W-04_demod_idle_zero,9001,PASS,0,
cg_v04,way1,cg,W-04_demod_idle_zero,271828,PASS,0,
cg_v04,way1,cg,W-04_demod_idle_zero,314159,PASS,0,
cg_v04,way1,cg,W-05_mod_reset_late,42,PASS,0,
cg_v04,way1,cg,W-05_mod_reset_late,1337,PASS,0,
cg_v04,way1,cg,W-05_mod_reset_late,9001,PASS,0,
cg_v04,way1,cg,W-05_mod_reset_late,271828,PASS,0,
cg_v04,way1,cg,W-05_mod_reset_late,314159,PASS,0,
cg_v04,way1,cg,W-06_demod_reset_late,42,PASS,0,
cg_v04,way1,cg,W-06_demod_reset_late,1337,PASS,0,
cg_v04,way1,cg,W-06_demod_reset_late,9001,PASS,0,
cg_v04,way1,cg,W-06_demod_reset_late,271828,PASS,0,
cg_v04,way1,cg,W-06_demod_reset_late,314159,PASS,0,
cg_v04,way1,cg,W-07_ch_noise_doubled,42,PASS,0,
cg_v04,way1,cg,W-07_ch_noise_doubled,1337,PASS,0,
cg_v04,way1,cg,W-07_ch_noise_doubled,9001,PASS,0,
cg_v04,way1,cg,W-07_ch_noise_doubled,271828,PASS,0,
cg_v04,way1,cg,W-07_ch_noise_doubled,314159,PASS,0,
cg_v04,way1,cg,W-08_ch_rotation_doubled,42,PASS,0,
cg_v04,way1,cg,W-08_ch_rotation_doubled,1337,PASS,0,
cg_v04,way1,cg,W-08_ch_rotation_doubled,9001,PASS,0,
cg_v04,way1,cg,W-08_ch_rotation_doubled,271828,PASS,0,
cg_v04,way1,cg,W-08_ch_rotation_doubled,314159,PASS,0,
cg_v04,way1,cg,W-09_ch_latency_plus1,42,PASS,0,
cg_v04,way1,cg,W-09_ch_latency_plus1,1337,PASS,0,
cg_v04,way1,cg,W-09_ch_latency_plus1,9001,PASS,0,
cg_v04,way1,cg,W-09_ch_latency_plus1,271828,PASS,0,
cg_v04,way1,cg,W-09_ch_latency_plus1,314159,PASS,0,
cg_v04,way1,cg,W-10_ch_idle_zero,42,PASS,0,
cg_v04,way1,cg,W-10_ch_idle_zero,1337,PASS,0,
cg_v04,way1,cg,W-10_ch_idle_zero,9001,PASS,0,
cg_v04,way1,cg,W-10_ch_idle_zero,271828,PASS,0,
cg_v04,way1,cg,W-10_ch_idle_zero,314159,PASS,0,
cg_v04,way1,cg,S-01_const_sym10_i,42,FAIL,10,result_fail
cg_v04,way1,cg,S-01_const_sym10_i,1337,FAIL,10,result_fail
cg_v04,way1,cg,S-01_const_sym10_i,9001,FAIL,10,result_fail
cg_v04,way1,cg,S-01_const_sym10_i,271828,FAIL,10,result_fail
cg_v04,way1,cg,S-01_const_sym10_i,314159,FAIL,10,result_fail
cg_v04,way1,cg,S-02_const_sym01_q,42,FAIL,10,result_fail
cg_v04,way1,cg,S-02_const_sym01_q,1337,FAIL,10,result_fail
cg_v04,way1,cg,S-02_const_sym01_q,9001,FAIL,10,result_fail
cg_v04,way1,cg,S-02_const_sym01_q,271828,FAIL,10,result_fail
cg_v04,way1,cg,S-02_const_sym01_q,314159,FAIL,10,result_fail
cg_v04,way1,cg,S-03_slice_invert_i,42,FAIL,40,result_fail
cg_v04,way1,cg,S-03_slice_invert_i,1337,FAIL,40,result_fail
cg_v04,way1,cg,S-03_slice_invert_i,9001,FAIL,40,result_fail
cg_v04,way1,cg,S-03_slice_invert_i,271828,FAIL,40,result_fail
cg_v04,way1,cg,S-03_slice_invert_i,314159,FAIL,40,result_fail
cg_v04,way1,cg,S-05_mod_valid_gate,42,FAIL,36,result_fail
cg_v04,way1,cg,S-05_mod_valid_gate,1337,FAIL,36,result_fail
cg_v04,way1,cg,S-05_mod_valid_gate,9001,FAIL,36,result_fail
cg_v04,way1,cg,S-05_mod_valid_gate,271828,FAIL,36,result_fail
cg_v04,way1,cg,S-05_mod_valid_gate,314159,FAIL,36,result_fail
cg_v04,way1,cg,S-09_ch_q_inversion,42,FAIL,40,result_fail
cg_v04,way1,cg,S-09_ch_q_inversion,1337,FAIL,40,result_fail
cg_v04,way1,cg,S-09_ch_q_inversion,9001,FAIL,40,result_fail
cg_v04,way1,cg,S-09_ch_q_inversion,271828,FAIL,40,result_fail
cg_v04,way1,cg,S-09_ch_q_inversion,314159,FAIL,40,result_fail
cg_v04,way1,cg,S-11_ch_noise_overload,42,FAIL,29,result_fail
cg_v04,way1,cg,S-11_ch_noise_overload,1337,FAIL,21,result_fail
cg_v04,way1,cg,S-11_ch_noise_overload,9001,FAIL,26,result_fail
cg_v04,way1,cg,S-11_ch_noise_overload,271828,FAIL,27,result_fail
cg_v04,way1,cg,S-11_ch_noise_overload,314159,FAIL,29,result_fail
cg_v05,way1,cg,golden,42,PASS,0,
cg_v05,way1,cg,golden,1337,PASS,0,
cg_v05,way1,cg,golden,9001,PASS,0,
cg_v05,way1,cg,golden,271828,PASS,0,
cg_v05,way1,cg,golden,314159,PASS,0,
cg_v05,way1,cg,W-01_mod_latency_plus1,42,PASS,0,
cg_v05,way1,cg,W-01_mod_latency_plus1,1337,PASS,0,
cg_v05,way1,cg,W-01_mod_latency_plus1,9001,PASS,0,
cg_v05,way1,cg,W-01_mod_latency_plus1,271828,PASS,0,
cg_v05,way1,cg,W-01_mod_latency_plus1,314159,PASS,0,
cg_v05,way1,cg,W-02_demod_latency_plus1,42,PASS,0,
cg_v05,way1,cg,W-02_demod_latency_plus1,1337,PASS,0,
cg_v05,way1,cg,W-02_demod_latency_plus1,9001,PASS,0,
cg_v05,way1,cg,W-02_demod_latency_plus1,271828,PASS,0,
cg_v05,way1,cg,W-02_demod_latency_plus1,314159,PASS,0,
cg_v05,way1,cg,W-03_mod_idle_zero,42,PASS,0,
cg_v05,way1,cg,W-03_mod_idle_zero,1337,PASS,0,
cg_v05,way1,cg,W-03_mod_idle_zero,9001,PASS,0,
cg_v05,way1,cg,W-03_mod_idle_zero,271828,PASS,0,
cg_v05,way1,cg,W-03_mod_idle_zero,314159,PASS,0,
cg_v05,way1,cg,W-04_demod_idle_zero,42,PASS,0,
cg_v05,way1,cg,W-04_demod_idle_zero,1337,PASS,0,
cg_v05,way1,cg,W-04_demod_idle_zero,9001,PASS,0,
cg_v05,way1,cg,W-04_demod_idle_zero,271828,PASS,0,
cg_v05,way1,cg,W-04_demod_idle_zero,314159,PASS,0,
cg_v05,way1,cg,W-05_mod_reset_late,42,PASS,0,
cg_v05,way1,cg,W-05_mod_reset_late,1337,PASS,0,
cg_v05,way1,cg,W-05_mod_reset_late,9001,PASS,0,
cg_v05,way1,cg,W-05_mod_reset_late,271828,PASS,0,
cg_v05,way1,cg,W-05_mod_reset_late,314159,PASS,0,
cg_v05,way1,cg,W-06_demod_reset_late,42,PASS,0,
cg_v05,way1,cg,W-06_demod_reset_late,1337,PASS,0,
cg_v05,way1,cg,W-06_demod_reset_late,9001,PASS,0,
cg_v05,way1,cg,W-06_demod_reset_late,271828,PASS,0,
cg_v05,way1,cg,W-06_demod_reset_late,314159,PASS,0,
cg_v05,way1,cg,W-07_ch_noise_doubled,42,PASS,0,
cg_v05,way1,cg,W-07_ch_noise_doubled,1337,PASS,0,
cg_v05,way1,cg,W-07_ch_noise_doubled,9001,PASS,0,
cg_v05,way1,cg,W-07_ch_noise_doubled,271828,PASS,0,
cg_v05,way1,cg,W-07_ch_noise_doubled,314159,PASS,0,
cg_v05,way1,cg,W-08_ch_rotation_doubled,42,PASS,0,
cg_v05,way1,cg,W-08_ch_rotation_doubled,1337,PASS,0,
cg_v05,way1,cg,W-08_ch_rotation_doubled,9001,PASS,0,
cg_v05,way1,cg,W-08_ch_rotation_doubled,271828,PASS,0,
cg_v05,way1,cg,W-08_ch_rotation_doubled,314159,PASS,0,
cg_v05,way1,cg,W-09_ch_latency_plus1,42,PASS,0,
cg_v05,way1,cg,W-09_ch_latency_plus1,1337,PASS,0,
cg_v05,way1,cg,W-09_ch_latency_plus1,9001,PASS,0,
cg_v05,way1,cg,W-09_ch_latency_plus1,271828,PASS,0,
cg_v05,way1,cg,W-09_ch_latency_plus1,314159,PASS,0,
cg_v05,way1,cg,W-10_ch_idle_zero,42,PASS,0,
cg_v05,way1,cg,W-10_ch_idle_zero,1337,PASS,0,
cg_v05,way1,cg,W-10_ch_idle_zero,9001,PASS,0,
cg_v05,way1,cg,W-10_ch_idle_zero,271828,PASS,0,
cg_v05,way1,cg,W-10_ch_idle_zero,314159,PASS,0,
cg_v05,way1,cg,S-01_const_sym10_i,42,FAIL,10,result_fail
cg_v05,way1,cg,S-01_const_sym10_i,1337,FAIL,10,result_fail
cg_v05,way1,cg,S-01_const_sym10_i,9001,FAIL,10,result_fail
cg_v05,way1,cg,S-01_const_sym10_i,271828,FAIL,10,result_fail
cg_v05,way1,cg,S-01_const_sym10_i,314159,FAIL,10,result_fail
cg_v05,way1,cg,S-02_const_sym01_q,42,FAIL,10,result_fail
cg_v05,way1,cg,S-02_const_sym01_q,1337,FAIL,10,result_fail
cg_v05,way1,cg,S-02_const_sym01_q,9001,FAIL,10,result_fail
cg_v05,way1,cg,S-02_const_sym01_q,271828,FAIL,10,result_fail
cg_v05,way1,cg,S-02_const_sym01_q,314159,FAIL,10,result_fail
cg_v05,way1,cg,S-03_slice_invert_i,42,FAIL,40,result_fail
cg_v05,way1,cg,S-03_slice_invert_i,1337,FAIL,40,result_fail
cg_v05,way1,cg,S-03_slice_invert_i,9001,FAIL,40,result_fail
cg_v05,way1,cg,S-03_slice_invert_i,271828,FAIL,40,result_fail
cg_v05,way1,cg,S-03_slice_invert_i,314159,FAIL,40,result_fail
cg_v05,way1,cg,S-05_mod_valid_gate,42,FAIL,36,result_fail
cg_v05,way1,cg,S-05_mod_valid_gate,1337,FAIL,36,result_fail
cg_v05,way1,cg,S-05_mod_valid_gate,9001,FAIL,36,result_fail
cg_v05,way1,cg,S-05_mod_valid_gate,271828,FAIL,36,result_fail
cg_v05,way1,cg,S-05_mod_valid_gate,314159,FAIL,36,result_fail
cg_v05,way1,cg,S-09_ch_q_inversion,42,FAIL,40,result_fail
cg_v05,way1,cg,S-09_ch_q_inversion,1337,FAIL,40,result_fail
cg_v05,way1,cg,S-09_ch_q_inversion,9001,FAIL,40,result_fail
cg_v05,way1,cg,S-09_ch_q_inversion,271828,FAIL,40,result_fail
cg_v05,way1,cg,S-09_ch_q_inversion,314159,FAIL,40,result_fail
cg_v05,way1,cg,S-11_ch_noise_overload,42,FAIL,26,result_fail
cg_v05,way1,cg,S-11_ch_noise_overload,1337,FAIL,24,result_fail
cg_v05,way1,cg,S-11_ch_noise_overload,9001,FAIL,26,result_fail
cg_v05,way1,cg,S-11_ch_noise_overload,271828,FAIL,26,result_fail
cg_v05,way1,cg,S-11_ch_noise_overload,314159,FAIL,25,result_fail
gm_v01,way1,gm,golden,42,FAIL,0,no_result
gm_v01,way1,gm,golden,1337,FAIL,0,no_result
gm_v01,way1,gm,golden,9001,FAIL,0,no_result
gm_v01,way1,gm,golden,271828,FAIL,0,no_result
gm_v01,way1,gm,golden,314159,FAIL,0,no_result
gm_v01,way1,gm,W-01_mod_latency_plus1,42,FAIL,0,no_result
gm_v01,way1,gm,W-01_mod_latency_plus1,1337,FAIL,0,no_result
gm_v01,way1,gm,W-01_mod_latency_plus1,9001,FAIL,0,no_result
gm_v01,way1,gm,W-01_mod_latency_plus1,271828,FAIL,0,no_result
gm_v01,way1,gm,W-01_mod_latency_plus1,314159,FAIL,0,no_result
gm_v01,way1,gm,W-02_demod_latency_plus1,42,FAIL,0,no_result
gm_v01,way1,gm,W-02_demod_latency_plus1,1337,FAIL,0,no_result
gm_v01,way1,gm,W-02_demod_latency_plus1,9001,FAIL,0,no_result
gm_v01,way1,gm,W-02_demod_latency_plus1,271828,FAIL,0,no_result
gm_v01,way1,gm,W-02_demod_latency_plus1,314159,FAIL,0,no_result
gm_v01,way1,gm,W-03_mod_idle_zero,42,FAIL,0,no_result
gm_v01,way1,gm,W-03_mod_idle_zero,1337,FAIL,0,no_result
gm_v01,way1,gm,W-03_mod_idle_zero,9001,FAIL,0,no_result
gm_v01,way1,gm,W-03_mod_idle_zero,271828,FAIL,0,no_result
gm_v01,way1,gm,W-03_mod_idle_zero,314159,FAIL,0,no_result
gm_v01,way1,gm,W-04_demod_idle_zero,42,FAIL,0,no_result
gm_v01,way1,gm,W-04_demod_idle_zero,1337,FAIL,0,no_result
gm_v01,way1,gm,W-04_demod_idle_zero,9001,FAIL,0,no_result
gm_v01,way1,gm,W-04_demod_idle_zero,271828,FAIL,0,no_result
gm_v01,way1,gm,W-04_demod_idle_zero,314159,FAIL,0,no_result
gm_v01,way1,gm,W-05_mod_reset_late,42,FAIL,0,no_result
gm_v01,way1,gm,W-05_mod_reset_late,1337,FAIL,0,no_result
gm_v01,way1,gm,W-05_mod_reset_late,9001,FAIL,0,no_result
gm_v01,way1,gm,W-05_mod_reset_late,271828,FAIL,0,no_result
gm_v01,way1,gm,W-05_mod_reset_late,314159,FAIL,0,no_result
gm_v01,way1,gm,W-06_demod_reset_late,42,FAIL,0,no_result
gm_v01,way1,gm,W-06_demod_reset_late,1337,FAIL,0,no_result
gm_v01,way1,gm,W-06_demod_reset_late,9001,FAIL,0,no_result
gm_v01,way1,gm,W-06_demod_reset_late,271828,FAIL,0,no_result
gm_v01,way1,gm,W-06_demod_reset_late,314159,FAIL,0,no_result
gm_v01,way1,gm,W-07_ch_noise_doubled,42,FAIL,0,no_result
gm_v01,way1,gm,W-07_ch_noise_doubled,1337,FAIL,0,no_result
gm_v01,way1,gm,W-07_ch_noise_doubled,9001,FAIL,0,no_result
gm_v01,way1,gm,W-07_ch_noise_doubled,271828,FAIL,0,no_result
gm_v01,way1,gm,W-07_ch_noise_doubled,314159,FAIL,0,no_result
gm_v01,way1,gm,W-08_ch_rotation_doubled,42,FAIL,0,no_result
gm_v01,way1,gm,W-08_ch_rotation_doubled,1337,FAIL,0,no_result
gm_v01,way1,gm,W-08_ch_rotation_doubled,9001,FAIL,0,no_result
gm_v01,way1,gm,W-08_ch_rotation_doubled,271828,FAIL,0,no_result
gm_v01,way1,gm,W-08_ch_rotation_doubled,314159,FAIL,0,no_result
gm_v01,way1,gm,W-09_ch_latency_plus1,42,FAIL,0,no_result
gm_v01,way1,gm,W-09_ch_latency_plus1,1337,FAIL,0,no_result
gm_v01,way1,gm,W-09_ch_latency_plus1,9001,FAIL,0,no_result
gm_v01,way1,gm,W-09_ch_latency_plus1,271828,FAIL,0,no_result
gm_v01,way1,gm,W-09_ch_latency_plus1,314159,FAIL,0,no_result
gm_v01,way1,gm,W-10_ch_idle_zero,42,FAIL,0,no_result
gm_v01,way1,gm,W-10_ch_idle_zero,1337,FAIL,0,no_result
gm_v01,way1,gm,W-10_ch_idle_zero,9001,FAIL,0,no_result
gm_v01,way1,gm,W-10_ch_idle_zero,271828,FAIL,0,no_result
gm_v01,way1,gm,W-10_ch_idle_zero,314159,FAIL,0,no_result
gm_v01,way1,gm,S-01_const_sym10_i,42,FAIL,0,no_result
gm_v01,way1,gm,S-01_const_sym10_i,1337,FAIL,0,no_result
gm_v01,way1,gm,S-01_const_sym10_i,9001,FAIL,0,no_result
gm_v01,way1,gm,S-01_const_sym10_i,271828,FAIL,0,no_result
gm_v01,way1,gm,S-01_const_sym10_i,314159,FAIL,0,no_result
gm_v01,way1,gm,S-02_const_sym01_q,42,FAIL,0,no_result
gm_v01,way1,gm,S-02_const_sym01_q,1337,FAIL,0,no_result
gm_v01,way1,gm,S-02_const_sym01_q,9001,FAIL,0,no_result
gm_v01,way1,gm,S-02_const_sym01_q,271828,FAIL,0,no_result
gm_v01,way1,gm,S-02_const_sym01_q,314159,FAIL,0,no_result
gm_v01,way1,gm,S-03_slice_invert_i,42,FAIL,0,no_result
gm_v01,way1,gm,S-03_slice_invert_i,1337,FAIL,0,no_result
gm_v01,way1,gm,S-03_slice_invert_i,9001,FAIL,0,no_result
gm_v01,way1,gm,S-03_slice_invert_i,271828,FAIL,0,no_result
gm_v01,way1,gm,S-03_slice_invert_i,314159,FAIL,0,no_result
gm_v01,way1,gm,S-05_mod_valid_gate,42,FAIL,0,no_result
gm_v01,way1,gm,S-05_mod_valid_gate,1337,FAIL,0,no_result
gm_v01,way1,gm,S-05_mod_valid_gate,9001,FAIL,0,no_result
gm_v01,way1,gm,S-05_mod_valid_gate,271828,FAIL,0,no_result
gm_v01,way1,gm,S-05_mod_valid_gate,314159,FAIL,0,no_result
gm_v01,way1,gm,S-09_ch_q_inversion,42,FAIL,0,no_result
gm_v01,way1,gm,S-09_ch_q_inversion,1337,FAIL,0,no_result
gm_v01,way1,gm,S-09_ch_q_inversion,9001,FAIL,0,no_result
gm_v01,way1,gm,S-09_ch_q_inversion,271828,FAIL,0,no_result
gm_v01,way1,gm,S-09_ch_q_inversion,314159,FAIL,0,no_result
gm_v01,way1,gm,S-11_ch_noise_overload,42,FAIL,0,no_result
gm_v01,way1,gm,S-11_ch_noise_overload,1337,FAIL,0,no_result
gm_v01,way1,gm,S-11_ch_noise_overload,9001,FAIL,0,no_result
gm_v01,way1,gm,S-11_ch_noise_overload,271828,FAIL,0,no_result
gm_v01,way1,gm,S-11_ch_noise_overload,314159,FAIL,0,no_result
gm_v02,way1,gm,golden,42,FAIL,0,no_result
gm_v02,way1,gm,golden,1337,FAIL,0,no_result
gm_v02,way1,gm,golden,9001,FAIL,0,no_result
gm_v02,way1,gm,golden,271828,FAIL,0,no_result
gm_v02,way1,gm,golden,314159,FAIL,0,no_result
gm_v02,way1,gm,W-01_mod_latency_plus1,42,FAIL,0,no_result
gm_v02,way1,gm,W-01_mod_latency_plus1,1337,FAIL,0,no_result
gm_v02,way1,gm,W-01_mod_latency_plus1,9001,FAIL,0,no_result
gm_v02,way1,gm,W-01_mod_latency_plus1,271828,FAIL,0,no_result
gm_v02,way1,gm,W-01_mod_latency_plus1,314159,FAIL,0,no_result
gm_v02,way1,gm,W-02_demod_latency_plus1,42,FAIL,0,no_result
gm_v02,way1,gm,W-02_demod_latency_plus1,1337,FAIL,0,no_result
gm_v02,way1,gm,W-02_demod_latency_plus1,9001,FAIL,0,no_result
gm_v02,way1,gm,W-02_demod_latency_plus1,271828,FAIL,0,no_result
gm_v02,way1,gm,W-02_demod_latency_plus1,314159,FAIL,0,no_result
gm_v02,way1,gm,W-03_mod_idle_zero,42,FAIL,0,no_result
gm_v02,way1,gm,W-03_mod_idle_zero,1337,FAIL,0,no_result
gm_v02,way1,gm,W-03_mod_idle_zero,9001,FAIL,0,no_result
gm_v02,way1,gm,W-03_mod_idle_zero,271828,FAIL,0,no_result
gm_v02,way1,gm,W-03_mod_idle_zero,314159,FAIL,0,no_result
gm_v02,way1,gm,W-04_demod_idle_zero,42,FAIL,0,no_result
gm_v02,way1,gm,W-04_demod_idle_zero,1337,FAIL,0,no_result
gm_v02,way1,gm,W-04_demod_idle_zero,9001,FAIL,0,no_result
gm_v02,way1,gm,W-04_demod_idle_zero,271828,FAIL,0,no_result
gm_v02,way1,gm,W-04_demod_idle_zero,314159,FAIL,0,no_result
gm_v02,way1,gm,W-05_mod_reset_late,42,FAIL,0,no_result
gm_v02,way1,gm,W-05_mod_reset_late,1337,FAIL,0,no_result
gm_v02,way1,gm,W-05_mod_reset_late,9001,FAIL,0,no_result
gm_v02,way1,gm,W-05_mod_reset_late,271828,FAIL,0,no_result
gm_v02,way1,gm,W-05_mod_reset_late,314159,FAIL,0,no_result
gm_v02,way1,gm,W-06_demod_reset_late,42,FAIL,0,no_result
gm_v02,way1,gm,W-06_demod_reset_late,1337,FAIL,0,no_result
gm_v02,way1,gm,W-06_demod_reset_late,9001,FAIL,0,no_result
gm_v02,way1,gm,W-06_demod_reset_late,271828,FAIL,0,no_result
gm_v02,way1,gm,W-06_demod_reset_late,314159,FAIL,0,no_result
gm_v02,way1,gm,W-07_ch_noise_doubled,42,FAIL,0,no_result
gm_v02,way1,gm,W-07_ch_noise_doubled,1337,FAIL,0,no_result
gm_v02,way1,gm,W-07_ch_noise_doubled,9001,FAIL,0,no_result
gm_v02,way1,gm,W-07_ch_noise_doubled,271828,FAIL,0,no_result
gm_v02,way1,gm,W-07_ch_noise_doubled,314159,FAIL,0,no_result
gm_v02,way1,gm,W-08_ch_rotation_doubled,42,FAIL,0,no_result
gm_v02,way1,gm,W-08_ch_rotation_doubled,1337,FAIL,0,no_result
gm_v02,way1,gm,W-08_ch_rotation_doubled,9001,FAIL,0,no_result
gm_v02,way1,gm,W-08_ch_rotation_doubled,271828,FAIL,0,no_result
gm_v02,way1,gm,W-08_ch_rotation_doubled,314159,FAIL,0,no_result
gm_v02,way1,gm,W-09_ch_latency_plus1,42,FAIL,0,no_result
gm_v02,way1,gm,W-09_ch_latency_plus1,1337,FAIL,0,no_result
gm_v02,way1,gm,W-09_ch_latency_plus1,9001,FAIL,0,no_result
gm_v02,way1,gm,W-09_ch_latency_plus1,271828,FAIL,0,no_result
gm_v02,way1,gm,W-09_ch_latency_plus1,314159,FAIL,0,no_result
gm_v02,way1,gm,W-10_ch_idle_zero,42,FAIL,0,no_result
gm_v02,way1,gm,W-10_ch_idle_zero,1337,FAIL,0,no_result
gm_v02,way1,gm,W-10_ch_idle_zero,9001,FAIL,0,no_result
gm_v02,way1,gm,W-10_ch_idle_zero,271828,FAIL,0,no_result
gm_v02,way1,gm,W-10_ch_idle_zero,314159,FAIL,0,no_result
gm_v02,way1,gm,S-01_const_sym10_i,42,FAIL,0,no_result
gm_v02,way1,gm,S-01_const_sym10_i,1337,FAIL,0,no_result
gm_v02,way1,gm,S-01_const_sym10_i,9001,FAIL,0,no_result
gm_v02,way1,gm,S-01_const_sym10_i,271828,FAIL,0,no_result
gm_v02,way1,gm,S-01_const_sym10_i,314159,FAIL,0,no_result
gm_v02,way1,gm,S-02_const_sym01_q,42,FAIL,0,no_result
gm_v02,way1,gm,S-02_const_sym01_q,1337,FAIL,0,no_result
gm_v02,way1,gm,S-02_const_sym01_q,9001,FAIL,0,no_result
gm_v02,way1,gm,S-02_const_sym01_q,271828,FAIL,0,no_result
gm_v02,way1,gm,S-02_const_sym01_q,314159,FAIL,0,no_result
gm_v02,way1,gm,S-03_slice_invert_i,42,FAIL,0,no_result
gm_v02,way1,gm,S-03_slice_invert_i,1337,FAIL,0,no_result
gm_v02,way1,gm,S-03_slice_invert_i,9001,FAIL,0,no_result
gm_v02,way1,gm,S-03_slice_invert_i,271828,FAIL,0,no_result
gm_v02,way1,gm,S-03_slice_invert_i,314159,FAIL,0,no_result
gm_v02,way1,gm,S-05_mod_valid_gate,42,FAIL,0,no_result
gm_v02,way1,gm,S-05_mod_valid_gate,1337,FAIL,0,no_result
gm_v02,way1,gm,S-05_mod_valid_gate,9001,FAIL,0,no_result
gm_v02,way1,gm,S-05_mod_valid_gate,271828,FAIL,0,no_result
gm_v02,way1,gm,S-05_mod_valid_gate,314159,FAIL,0,no_result
gm_v02,way1,gm,S-09_ch_q_inversion,42,FAIL,0,no_result
gm_v02,way1,gm,S-09_ch_q_inversion,1337,FAIL,0,no_result
gm_v02,way1,gm,S-09_ch_q_inversion,9001,FAIL,0,no_result
gm_v02,way1,gm,S-09_ch_q_inversion,271828,FAIL,0,no_result
gm_v02,way1,gm,S-09_ch_q_inversion,314159,FAIL,0,no_result
gm_v02,way1,gm,S-11_ch_noise_overload,42,FAIL,0,no_result
gm_v02,way1,gm,S-11_ch_noise_overload,1337,FAIL,0,no_result
gm_v02,way1,gm,S-11_ch_noise_overload,9001,FAIL,0,no_result
gm_v02,way1,gm,S-11_ch_noise_overload,271828,FAIL,0,no_result
gm_v02,way1,gm,S-11_ch_noise_overload,314159,FAIL,0,no_result
gm_v03,way1,gm,golden,42,PASS,0,
gm_v03,way1,gm,golden,1337,PASS,0,
gm_v03,way1,gm,golden,9001,PASS,0,
gm_v03,way1,gm,golden,271828,PASS,0,
gm_v03,way1,gm,golden,314159,PASS,0,
gm_v03,way1,gm,W-01_mod_latency_plus1,42,PASS,0,
gm_v03,way1,gm,W-01_mod_latency_plus1,1337,PASS,0,
gm_v03,way1,gm,W-01_mod_latency_plus1,9001,PASS,0,
gm_v03,way1,gm,W-01_mod_latency_plus1,271828,PASS,0,
gm_v03,way1,gm,W-01_mod_latency_plus1,314159,PASS,0,
gm_v03,way1,gm,W-02_demod_latency_plus1,42,PASS,0,
gm_v03,way1,gm,W-02_demod_latency_plus1,1337,PASS,0,
gm_v03,way1,gm,W-02_demod_latency_plus1,9001,PASS,0,
gm_v03,way1,gm,W-02_demod_latency_plus1,271828,PASS,0,
gm_v03,way1,gm,W-02_demod_latency_plus1,314159,PASS,0,
gm_v03,way1,gm,W-03_mod_idle_zero,42,PASS,0,
gm_v03,way1,gm,W-03_mod_idle_zero,1337,PASS,0,
gm_v03,way1,gm,W-03_mod_idle_zero,9001,PASS,0,
gm_v03,way1,gm,W-03_mod_idle_zero,271828,PASS,0,
gm_v03,way1,gm,W-03_mod_idle_zero,314159,PASS,0,
gm_v03,way1,gm,W-04_demod_idle_zero,42,PASS,0,
gm_v03,way1,gm,W-04_demod_idle_zero,1337,PASS,0,
gm_v03,way1,gm,W-04_demod_idle_zero,9001,PASS,0,
gm_v03,way1,gm,W-04_demod_idle_zero,271828,PASS,0,
gm_v03,way1,gm,W-04_demod_idle_zero,314159,PASS,0,
gm_v03,way1,gm,W-05_mod_reset_late,42,PASS,0,
gm_v03,way1,gm,W-05_mod_reset_late,1337,PASS,0,
gm_v03,way1,gm,W-05_mod_reset_late,9001,PASS,0,
gm_v03,way1,gm,W-05_mod_reset_late,271828,PASS,0,
gm_v03,way1,gm,W-05_mod_reset_late,314159,PASS,0,
gm_v03,way1,gm,W-06_demod_reset_late,42,PASS,0,
gm_v03,way1,gm,W-06_demod_reset_late,1337,PASS,0,
gm_v03,way1,gm,W-06_demod_reset_late,9001,PASS,0,
gm_v03,way1,gm,W-06_demod_reset_late,271828,PASS,0,
gm_v03,way1,gm,W-06_demod_reset_late,314159,PASS,0,
gm_v03,way1,gm,W-07_ch_noise_doubled,42,PASS,0,
gm_v03,way1,gm,W-07_ch_noise_doubled,1337,PASS,0,
gm_v03,way1,gm,W-07_ch_noise_doubled,9001,PASS,0,
gm_v03,way1,gm,W-07_ch_noise_doubled,271828,PASS,0,
gm_v03,way1,gm,W-07_ch_noise_doubled,314159,PASS,0,
gm_v03,way1,gm,W-08_ch_rotation_doubled,42,PASS,0,
gm_v03,way1,gm,W-08_ch_rotation_doubled,1337,PASS,0,
gm_v03,way1,gm,W-08_ch_rotation_doubled,9001,PASS,0,
gm_v03,way1,gm,W-08_ch_rotation_doubled,271828,PASS,0,
gm_v03,way1,gm,W-08_ch_rotation_doubled,314159,PASS,0,
gm_v03,way1,gm,W-09_ch_latency_plus1,42,PASS,0,
gm_v03,way1,gm,W-09_ch_latency_plus1,1337,PASS,0,
gm_v03,way1,gm,W-09_ch_latency_plus1,9001,PASS,0,
gm_v03,way1,gm,W-09_ch_latency_plus1,271828,PASS,0,
gm_v03,way1,gm,W-09_ch_latency_plus1,314159,PASS,0,
gm_v03,way1,gm,W-10_ch_idle_zero,42,PASS,0,
gm_v03,way1,gm,W-10_ch_idle_zero,1337,PASS,0,
gm_v03,way1,gm,W-10_ch_idle_zero,9001,PASS,0,
gm_v03,way1,gm,W-10_ch_idle_zero,271828,PASS,0,
gm_v03,way1,gm,W-10_ch_idle_zero,314159,PASS,0,
gm_v03,way1,gm,S-01_const_sym10_i,42,FAIL,10,result_fail
gm_v03,way1,gm,S-01_const_sym10_i,1337,FAIL,10,result_fail
gm_v03,way1,gm,S-01_const_sym10_i,9001,FAIL,10,result_fail
gm_v03,way1,gm,S-01_const_sym10_i,271828,FAIL,10,result_fail
gm_v03,way1,gm,S-01_const_sym10_i,314159,FAIL,10,result_fail
gm_v03,way1,gm,S-02_const_sym01_q,42,FAIL,10,result_fail
gm_v03,way1,gm,S-02_const_sym01_q,1337,FAIL,10,result_fail
gm_v03,way1,gm,S-02_const_sym01_q,9001,FAIL,10,result_fail
gm_v03,way1,gm,S-02_const_sym01_q,271828,FAIL,10,result_fail
gm_v03,way1,gm,S-02_const_sym01_q,314159,FAIL,10,result_fail
gm_v03,way1,gm,S-03_slice_invert_i,42,FAIL,40,result_fail
gm_v03,way1,gm,S-03_slice_invert_i,1337,FAIL,40,result_fail
gm_v03,way1,gm,S-03_slice_invert_i,9001,FAIL,40,result_fail
gm_v03,way1,gm,S-03_slice_invert_i,271828,FAIL,40,result_fail
gm_v03,way1,gm,S-03_slice_invert_i,314159,FAIL,40,result_fail
gm_v03,way1,gm,S-05_mod_valid_gate,42,FAIL,31,result_fail
gm_v03,way1,gm,S-05_mod_valid_gate,1337,FAIL,31,result_fail
gm_v03,way1,gm,S-05_mod_valid_gate,9001,FAIL,31,result_fail
gm_v03,way1,gm,S-05_mod_valid_gate,271828,FAIL,31,result_fail
gm_v03,way1,gm,S-05_mod_valid_gate,314159,FAIL,31,result_fail
gm_v03,way1,gm,S-09_ch_q_inversion,42,FAIL,40,result_fail
gm_v03,way1,gm,S-09_ch_q_inversion,1337,FAIL,40,result_fail
gm_v03,way1,gm,S-09_ch_q_inversion,9001,FAIL,40,result_fail
gm_v03,way1,gm,S-09_ch_q_inversion,271828,FAIL,40,result_fail
gm_v03,way1,gm,S-09_ch_q_inversion,314159,FAIL,40,result_fail
gm_v03,way1,gm,S-11_ch_noise_overload,42,FAIL,26,result_fail
gm_v03,way1,gm,S-11_ch_noise_overload,1337,FAIL,23,result_fail
gm_v03,way1,gm,S-11_ch_noise_overload,9001,FAIL,30,result_fail
gm_v03,way1,gm,S-11_ch_noise_overload,271828,FAIL,29,result_fail
gm_v03,way1,gm,S-11_ch_noise_overload,314159,FAIL,28,result_fail
gm_v04,way1,gm,golden,42,FAIL,20,result_fail
gm_v04,way1,gm,golden,1337,FAIL,20,result_fail
gm_v04,way1,gm,golden,9001,FAIL,20,result_fail
gm_v04,way1,gm,golden,271828,FAIL,20,result_fail
gm_v04,way1,gm,golden,314159,FAIL,20,result_fail
gm_v04,way1,gm,W-01_mod_latency_plus1,42,FAIL,20,result_fail
gm_v04,way1,gm,W-01_mod_latency_plus1,1337,FAIL,20,result_fail
gm_v04,way1,gm,W-01_mod_latency_plus1,9001,FAIL,20,result_fail
gm_v04,way1,gm,W-01_mod_latency_plus1,271828,FAIL,20,result_fail
gm_v04,way1,gm,W-01_mod_latency_plus1,314159,FAIL,20,result_fail
gm_v04,way1,gm,W-02_demod_latency_plus1,42,FAIL,20,result_fail
gm_v04,way1,gm,W-02_demod_latency_plus1,1337,FAIL,20,result_fail
gm_v04,way1,gm,W-02_demod_latency_plus1,9001,FAIL,20,result_fail
gm_v04,way1,gm,W-02_demod_latency_plus1,271828,FAIL,20,result_fail
gm_v04,way1,gm,W-02_demod_latency_plus1,314159,FAIL,20,result_fail
gm_v04,way1,gm,W-03_mod_idle_zero,42,FAIL,20,result_fail
gm_v04,way1,gm,W-03_mod_idle_zero,1337,FAIL,20,result_fail
gm_v04,way1,gm,W-03_mod_idle_zero,9001,FAIL,20,result_fail
gm_v04,way1,gm,W-03_mod_idle_zero,271828,FAIL,20,result_fail
gm_v04,way1,gm,W-03_mod_idle_zero,314159,FAIL,20,result_fail
gm_v04,way1,gm,W-04_demod_idle_zero,42,FAIL,20,result_fail
gm_v04,way1,gm,W-04_demod_idle_zero,1337,FAIL,20,result_fail
gm_v04,way1,gm,W-04_demod_idle_zero,9001,FAIL,20,result_fail
gm_v04,way1,gm,W-04_demod_idle_zero,271828,FAIL,20,result_fail
gm_v04,way1,gm,W-04_demod_idle_zero,314159,FAIL,20,result_fail
gm_v04,way1,gm,W-05_mod_reset_late,42,FAIL,20,result_fail
gm_v04,way1,gm,W-05_mod_reset_late,1337,FAIL,20,result_fail
gm_v04,way1,gm,W-05_mod_reset_late,9001,FAIL,20,result_fail
gm_v04,way1,gm,W-05_mod_reset_late,271828,FAIL,20,result_fail
gm_v04,way1,gm,W-05_mod_reset_late,314159,FAIL,20,result_fail
gm_v04,way1,gm,W-06_demod_reset_late,42,FAIL,20,result_fail
gm_v04,way1,gm,W-06_demod_reset_late,1337,FAIL,20,result_fail
gm_v04,way1,gm,W-06_demod_reset_late,9001,FAIL,20,result_fail
gm_v04,way1,gm,W-06_demod_reset_late,271828,FAIL,20,result_fail
gm_v04,way1,gm,W-06_demod_reset_late,314159,FAIL,20,result_fail
gm_v04,way1,gm,W-07_ch_noise_doubled,42,FAIL,20,result_fail
gm_v04,way1,gm,W-07_ch_noise_doubled,1337,FAIL,20,result_fail
gm_v04,way1,gm,W-07_ch_noise_doubled,9001,FAIL,20,result_fail
gm_v04,way1,gm,W-07_ch_noise_doubled,271828,FAIL,20,result_fail
gm_v04,way1,gm,W-07_ch_noise_doubled,314159,FAIL,20,result_fail
gm_v04,way1,gm,W-08_ch_rotation_doubled,42,FAIL,20,result_fail
gm_v04,way1,gm,W-08_ch_rotation_doubled,1337,FAIL,20,result_fail
gm_v04,way1,gm,W-08_ch_rotation_doubled,9001,FAIL,20,result_fail
gm_v04,way1,gm,W-08_ch_rotation_doubled,271828,FAIL,20,result_fail
gm_v04,way1,gm,W-08_ch_rotation_doubled,314159,FAIL,20,result_fail
gm_v04,way1,gm,W-09_ch_latency_plus1,42,FAIL,20,result_fail
gm_v04,way1,gm,W-09_ch_latency_plus1,1337,FAIL,20,result_fail
gm_v04,way1,gm,W-09_ch_latency_plus1,9001,FAIL,20,result_fail
gm_v04,way1,gm,W-09_ch_latency_plus1,271828,FAIL,20,result_fail
gm_v04,way1,gm,W-09_ch_latency_plus1,314159,FAIL,20,result_fail
gm_v04,way1,gm,W-10_ch_idle_zero,42,FAIL,20,result_fail
gm_v04,way1,gm,W-10_ch_idle_zero,1337,FAIL,20,result_fail
gm_v04,way1,gm,W-10_ch_idle_zero,9001,FAIL,20,result_fail
gm_v04,way1,gm,W-10_ch_idle_zero,271828,FAIL,20,result_fail
gm_v04,way1,gm,W-10_ch_idle_zero,314159,FAIL,20,result_fail
gm_v04,way1,gm,S-01_const_sym10_i,42,FAIL,10,result_fail
gm_v04,way1,gm,S-01_const_sym10_i,1337,FAIL,10,result_fail
gm_v04,way1,gm,S-01_const_sym10_i,9001,FAIL,10,result_fail
gm_v04,way1,gm,S-01_const_sym10_i,271828,FAIL,10,result_fail
gm_v04,way1,gm,S-01_const_sym10_i,314159,FAIL,10,result_fail
gm_v04,way1,gm,S-02_const_sym01_q,42,FAIL,30,result_fail
gm_v04,way1,gm,S-02_const_sym01_q,1337,FAIL,30,result_fail
gm_v04,way1,gm,S-02_const_sym01_q,9001,FAIL,30,result_fail
gm_v04,way1,gm,S-02_const_sym01_q,271828,FAIL,30,result_fail
gm_v04,way1,gm,S-02_const_sym01_q,314159,FAIL,30,result_fail
gm_v04,way1,gm,S-03_slice_invert_i,42,FAIL,20,result_fail
gm_v04,way1,gm,S-03_slice_invert_i,1337,FAIL,20,result_fail
gm_v04,way1,gm,S-03_slice_invert_i,9001,FAIL,20,result_fail
gm_v04,way1,gm,S-03_slice_invert_i,271828,FAIL,20,result_fail
gm_v04,way1,gm,S-03_slice_invert_i,314159,FAIL,20,result_fail
gm_v04,way1,gm,S-05_mod_valid_gate,42,FAIL,41,result_fail
gm_v04,way1,gm,S-05_mod_valid_gate,1337,FAIL,41,result_fail
gm_v04,way1,gm,S-05_mod_valid_gate,9001,FAIL,41,result_fail
gm_v04,way1,gm,S-05_mod_valid_gate,271828,FAIL,41,result_fail
gm_v04,way1,gm,S-05_mod_valid_gate,314159,FAIL,41,result_fail
gm_v04,way1,gm,S-09_ch_q_inversion,42,FAIL,40,result_fail
gm_v04,way1,gm,S-09_ch_q_inversion,1337,FAIL,40,result_fail
gm_v04,way1,gm,S-09_ch_q_inversion,9001,FAIL,40,result_fail
gm_v04,way1,gm,S-09_ch_q_inversion,271828,FAIL,40,result_fail
gm_v04,way1,gm,S-09_ch_q_inversion,314159,FAIL,40,result_fail
gm_v04,way1,gm,S-11_ch_noise_overload,42,FAIL,27,result_fail
gm_v04,way1,gm,S-11_ch_noise_overload,1337,FAIL,29,result_fail
gm_v04,way1,gm,S-11_ch_noise_overload,9001,FAIL,26,result_fail
gm_v04,way1,gm,S-11_ch_noise_overload,271828,FAIL,33,result_fail
gm_v04,way1,gm,S-11_ch_noise_overload,314159,FAIL,31,result_fail
gm_v05,way1,gm,golden,42,FAIL,0,no_result
gm_v05,way1,gm,golden,1337,FAIL,0,no_result
gm_v05,way1,gm,golden,9001,FAIL,0,no_result
gm_v05,way1,gm,golden,271828,FAIL,0,no_result
gm_v05,way1,gm,golden,314159,FAIL,0,no_result
gm_v05,way1,gm,W-01_mod_latency_plus1,42,FAIL,0,no_result
gm_v05,way1,gm,W-01_mod_latency_plus1,1337,FAIL,0,no_result
gm_v05,way1,gm,W-01_mod_latency_plus1,9001,FAIL,0,no_result
gm_v05,way1,gm,W-01_mod_latency_plus1,271828,FAIL,0,no_result
gm_v05,way1,gm,W-01_mod_latency_plus1,314159,FAIL,0,no_result
gm_v05,way1,gm,W-02_demod_latency_plus1,42,FAIL,0,no_result
gm_v05,way1,gm,W-02_demod_latency_plus1,1337,FAIL,0,no_result
gm_v05,way1,gm,W-02_demod_latency_plus1,9001,FAIL,0,no_result
gm_v05,way1,gm,W-02_demod_latency_plus1,271828,FAIL,0,no_result
gm_v05,way1,gm,W-02_demod_latency_plus1,314159,FAIL,0,no_result
gm_v05,way1,gm,W-03_mod_idle_zero,42,FAIL,0,no_result
gm_v05,way1,gm,W-03_mod_idle_zero,1337,FAIL,0,no_result
gm_v05,way1,gm,W-03_mod_idle_zero,9001,FAIL,0,no_result
gm_v05,way1,gm,W-03_mod_idle_zero,271828,FAIL,0,no_result
gm_v05,way1,gm,W-03_mod_idle_zero,314159,FAIL,0,no_result
gm_v05,way1,gm,W-04_demod_idle_zero,42,FAIL,0,no_result
gm_v05,way1,gm,W-04_demod_idle_zero,1337,FAIL,0,no_result
gm_v05,way1,gm,W-04_demod_idle_zero,9001,FAIL,0,no_result
gm_v05,way1,gm,W-04_demod_idle_zero,271828,FAIL,0,no_result
gm_v05,way1,gm,W-04_demod_idle_zero,314159,FAIL,0,no_result
gm_v05,way1,gm,W-05_mod_reset_late,42,FAIL,0,no_result
gm_v05,way1,gm,W-05_mod_reset_late,1337,FAIL,0,no_result
gm_v05,way1,gm,W-05_mod_reset_late,9001,FAIL,0,no_result
gm_v05,way1,gm,W-05_mod_reset_late,271828,FAIL,0,no_result
gm_v05,way1,gm,W-05_mod_reset_late,314159,FAIL,0,no_result
gm_v05,way1,gm,W-06_demod_reset_late,42,FAIL,0,no_result
gm_v05,way1,gm,W-06_demod_reset_late,1337,FAIL,0,no_result
gm_v05,way1,gm,W-06_demod_reset_late,9001,FAIL,0,no_result
gm_v05,way1,gm,W-06_demod_reset_late,271828,FAIL,0,no_result
gm_v05,way1,gm,W-06_demod_reset_late,314159,FAIL,0,no_result
gm_v05,way1,gm,W-07_ch_noise_doubled,42,FAIL,0,no_result
gm_v05,way1,gm,W-07_ch_noise_doubled,1337,FAIL,0,no_result
gm_v05,way1,gm,W-07_ch_noise_doubled,9001,FAIL,0,no_result
gm_v05,way1,gm,W-07_ch_noise_doubled,271828,FAIL,0,no_result
gm_v05,way1,gm,W-07_ch_noise_doubled,314159,FAIL,0,no_result
gm_v05,way1,gm,W-08_ch_rotation_doubled,42,FAIL,0,no_result
gm_v05,way1,gm,W-08_ch_rotation_doubled,1337,FAIL,0,no_result
gm_v05,way1,gm,W-08_ch_rotation_doubled,9001,FAIL,0,no_result
gm_v05,way1,gm,W-08_ch_rotation_doubled,271828,FAIL,0,no_result
gm_v05,way1,gm,W-08_ch_rotation_doubled,314159,FAIL,0,no_result
gm_v05,way1,gm,W-09_ch_latency_plus1,42,FAIL,0,no_result
gm_v05,way1,gm,W-09_ch_latency_plus1,1337,FAIL,0,no_result
gm_v05,way1,gm,W-09_ch_latency_plus1,9001,FAIL,0,no_result
gm_v05,way1,gm,W-09_ch_latency_plus1,271828,FAIL,0,no_result
gm_v05,way1,gm,W-09_ch_latency_plus1,314159,FAIL,0,no_result
gm_v05,way1,gm,W-10_ch_idle_zero,42,FAIL,0,no_result
gm_v05,way1,gm,W-10_ch_idle_zero,1337,FAIL,0,no_result
gm_v05,way1,gm,W-10_ch_idle_zero,9001,FAIL,0,no_result
gm_v05,way1,gm,W-10_ch_idle_zero,271828,FAIL,0,no_result
gm_v05,way1,gm,W-10_ch_idle_zero,314159,FAIL,0,no_result
gm_v05,way1,gm,S-01_const_sym10_i,42,FAIL,0,no_result
gm_v05,way1,gm,S-01_const_sym10_i,1337,FAIL,0,no_result
gm_v05,way1,gm,S-01_const_sym10_i,9001,FAIL,0,no_result
gm_v05,way1,gm,S-01_const_sym10_i,271828,FAIL,0,no_result
gm_v05,way1,gm,S-01_const_sym10_i,314159,FAIL,0,no_result
gm_v05,way1,gm,S-02_const_sym01_q,42,FAIL,0,no_result
gm_v05,way1,gm,S-02_const_sym01_q,1337,FAIL,0,no_result
gm_v05,way1,gm,S-02_const_sym01_q,9001,FAIL,0,no_result
gm_v05,way1,gm,S-02_const_sym01_q,271828,FAIL,0,no_result
gm_v05,way1,gm,S-02_const_sym01_q,314159,FAIL,0,no_result
gm_v05,way1,gm,S-03_slice_invert_i,42,FAIL,0,no_result
gm_v05,way1,gm,S-03_slice_invert_i,1337,FAIL,0,no_result
gm_v05,way1,gm,S-03_slice_invert_i,9001,FAIL,0,no_result
gm_v05,way1,gm,S-03_slice_invert_i,271828,FAIL,0,no_result
gm_v05,way1,gm,S-03_slice_invert_i,314159,FAIL,0,no_result
gm_v05,way1,gm,S-05_mod_valid_gate,42,FAIL,0,no_result
gm_v05,way1,gm,S-05_mod_valid_gate,1337,FAIL,0,no_result
gm_v05,way1,gm,S-05_mod_valid_gate,9001,FAIL,0,no_result
gm_v05,way1,gm,S-05_mod_valid_gate,271828,FAIL,0,no_result
gm_v05,way1,gm,S-05_mod_valid_gate,314159,FAIL,0,no_result
gm_v05,way1,gm,S-09_ch_q_inversion,42,FAIL,0,no_result
gm_v05,way1,gm,S-09_ch_q_inversion,1337,FAIL,0,no_result
gm_v05,way1,gm,S-09_ch_q_inversion,9001,FAIL,0,no_result
gm_v05,way1,gm,S-09_ch_q_inversion,271828,FAIL,0,no_result
gm_v05,way1,gm,S-09_ch_q_inversion,314159,FAIL,0,no_result
gm_v05,way1,gm,S-11_ch_noise_overload,42,FAIL,0,no_result
gm_v05,way1,gm,S-11_ch_noise_overload,1337,FAIL,0,no_result
gm_v05,way1,gm,S-11_ch_noise_overload,9001,FAIL,0,no_result
gm_v05,way1,gm,S-11_ch_noise_overload,271828,FAIL,0,no_result
gm_v05,way1,gm,S-11_ch_noise_overload,314159,FAIL,0,no_result
cg_w2_drv01,way2,cg,golden,42,PASS,0,
cg_w2_drv01,way2,cg,golden,1337,PASS,0,
cg_w2_drv01,way2,cg,golden,9001,PASS,0,
cg_w2_drv01,way2,cg,golden,271828,PASS,0,
cg_w2_drv01,way2,cg,golden,314159,PASS,0,
cg_w2_drv01,way2,cg,W-01_mod_latency_plus1,42,PASS,0,
cg_w2_drv01,way2,cg,W-01_mod_latency_plus1,1337,PASS,0,
cg_w2_drv01,way2,cg,W-01_mod_latency_plus1,9001,PASS,0,
cg_w2_drv01,way2,cg,W-01_mod_latency_plus1,271828,PASS,0,
cg_w2_drv01,way2,cg,W-01_mod_latency_plus1,314159,PASS,0,
cg_w2_drv01,way2,cg,W-02_demod_latency_plus1,42,PASS,0,
cg_w2_drv01,way2,cg,W-02_demod_latency_plus1,1337,PASS,0,
cg_w2_drv01,way2,cg,W-02_demod_latency_plus1,9001,PASS,0,
cg_w2_drv01,way2,cg,W-02_demod_latency_plus1,271828,PASS,0,
cg_w2_drv01,way2,cg,W-02_demod_latency_plus1,314159,PASS,0,
cg_w2_drv01,way2,cg,W-03_mod_idle_zero,42,PASS,0,
cg_w2_drv01,way2,cg,W-03_mod_idle_zero,1337,PASS,0,
cg_w2_drv01,way2,cg,W-03_mod_idle_zero,9001,PASS,0,
cg_w2_drv01,way2,cg,W-03_mod_idle_zero,271828,PASS,0,
cg_w2_drv01,way2,cg,W-03_mod_idle_zero,314159,PASS,0,
cg_w2_drv01,way2,cg,W-04_demod_idle_zero,42,PASS,0,
cg_w2_drv01,way2,cg,W-04_demod_idle_zero,1337,PASS,0,
cg_w2_drv01,way2,cg,W-04_demod_idle_zero,9001,PASS,0,
cg_w2_drv01,way2,cg,W-04_demod_idle_zero,271828,PASS,0,
cg_w2_drv01,way2,cg,W-04_demod_idle_zero,314159,PASS,0,
cg_w2_drv01,way2,cg,W-05_mod_reset_late,42,PASS,0,
cg_w2_drv01,way2,cg,W-05_mod_reset_late,1337,PASS,0,
cg_w2_drv01,way2,cg,W-05_mod_reset_late,9001,PASS,0,
cg_w2_drv01,way2,cg,W-05_mod_reset_late,271828,PASS,0,
cg_w2_drv01,way2,cg,W-05_mod_reset_late,314159,PASS,0,
cg_w2_drv01,way2,cg,W-06_demod_reset_late,42,PASS,0,
cg_w2_drv01,way2,cg,W-06_demod_reset_late,1337,PASS,0,
cg_w2_drv01,way2,cg,W-06_demod_reset_late,9001,PASS,0,
cg_w2_drv01,way2,cg,W-06_demod_reset_late,271828,PASS,0,
cg_w2_drv01,way2,cg,W-06_demod_reset_late,314159,PASS,0,
cg_w2_drv01,way2,cg,W-07_ch_noise_doubled,42,PASS,0,
cg_w2_drv01,way2,cg,W-07_ch_noise_doubled,1337,PASS,0,
cg_w2_drv01,way2,cg,W-07_ch_noise_doubled,9001,PASS,0,
cg_w2_drv01,way2,cg,W-07_ch_noise_doubled,271828,PASS,0,
cg_w2_drv01,way2,cg,W-07_ch_noise_doubled,314159,PASS,0,
cg_w2_drv01,way2,cg,W-08_ch_rotation_doubled,42,PASS,0,
cg_w2_drv01,way2,cg,W-08_ch_rotation_doubled,1337,PASS,0,
cg_w2_drv01,way2,cg,W-08_ch_rotation_doubled,9001,PASS,0,
cg_w2_drv01,way2,cg,W-08_ch_rotation_doubled,271828,PASS,0,
cg_w2_drv01,way2,cg,W-08_ch_rotation_doubled,314159,PASS,0,
cg_w2_drv01,way2,cg,W-09_ch_latency_plus1,42,PASS,0,
cg_w2_drv01,way2,cg,W-09_ch_latency_plus1,1337,PASS,0,
cg_w2_drv01,way2,cg,W-09_ch_latency_plus1,9001,PASS,0,
cg_w2_drv01,way2,cg,W-09_ch_latency_plus1,271828,PASS,0,
cg_w2_drv01,way2,cg,W-09_ch_latency_plus1,314159,PASS,0,
cg_w2_drv01,way2,cg,W-10_ch_idle_zero,42,PASS,0,
cg_w2_drv01,way2,cg,W-10_ch_idle_zero,1337,PASS,0,
cg_w2_drv01,way2,cg,W-10_ch_idle_zero,9001,PASS,0,
cg_w2_drv01,way2,cg,W-10_ch_idle_zero,271828,PASS,0,
cg_w2_drv01,way2,cg,W-10_ch_idle_zero,314159,PASS,0,
cg_w2_drv01,way2,cg,S-01_const_sym10_i,42,FAIL,10,result_fail
cg_w2_drv01,way2,cg,S-01_const_sym10_i,1337,FAIL,10,result_fail
cg_w2_drv01,way2,cg,S-01_const_sym10_i,9001,FAIL,10,result_fail
cg_w2_drv01,way2,cg,S-01_const_sym10_i,271828,FAIL,10,result_fail
cg_w2_drv01,way2,cg,S-01_const_sym10_i,314159,FAIL,10,result_fail
cg_w2_drv01,way2,cg,S-02_const_sym01_q,42,FAIL,10,result_fail
cg_w2_drv01,way2,cg,S-02_const_sym01_q,1337,FAIL,10,result_fail
cg_w2_drv01,way2,cg,S-02_const_sym01_q,9001,FAIL,10,result_fail
cg_w2_drv01,way2,cg,S-02_const_sym01_q,271828,FAIL,10,result_fail
cg_w2_drv01,way2,cg,S-02_const_sym01_q,314159,FAIL,10,result_fail
cg_w2_drv01,way2,cg,S-03_slice_invert_i,42,FAIL,40,result_fail
cg_w2_drv01,way2,cg,S-03_slice_invert_i,1337,FAIL,40,result_fail
cg_w2_drv01,way2,cg,S-03_slice_invert_i,9001,FAIL,40,result_fail
cg_w2_drv01,way2,cg,S-03_slice_invert_i,271828,FAIL,40,result_fail
cg_w2_drv01,way2,cg,S-03_slice_invert_i,314159,FAIL,40,result_fail
cg_w2_drv01,way2,cg,S-05_mod_valid_gate,42,FAIL,36,result_fail
cg_w2_drv01,way2,cg,S-05_mod_valid_gate,1337,FAIL,36,result_fail
cg_w2_drv01,way2,cg,S-05_mod_valid_gate,9001,FAIL,36,result_fail
cg_w2_drv01,way2,cg,S-05_mod_valid_gate,271828,FAIL,36,result_fail
cg_w2_drv01,way2,cg,S-05_mod_valid_gate,314159,FAIL,36,result_fail
cg_w2_drv01,way2,cg,S-09_ch_q_inversion,42,FAIL,40,result_fail
cg_w2_drv01,way2,cg,S-09_ch_q_inversion,1337,FAIL,40,result_fail
cg_w2_drv01,way2,cg,S-09_ch_q_inversion,9001,FAIL,40,result_fail
cg_w2_drv01,way2,cg,S-09_ch_q_inversion,271828,FAIL,40,result_fail
cg_w2_drv01,way2,cg,S-09_ch_q_inversion,314159,FAIL,40,result_fail
cg_w2_drv01,way2,cg,S-11_ch_noise_overload,42,FAIL,29,result_fail
cg_w2_drv01,way2,cg,S-11_ch_noise_overload,1337,FAIL,21,result_fail
cg_w2_drv01,way2,cg,S-11_ch_noise_overload,9001,FAIL,26,result_fail
cg_w2_drv01,way2,cg,S-11_ch_noise_overload,271828,FAIL,27,result_fail
cg_w2_drv01,way2,cg,S-11_ch_noise_overload,314159,FAIL,29,result_fail
cg_w2_drv02,way2,cg,golden,42,PASS,0,
cg_w2_drv02,way2,cg,golden,1337,PASS,0,
cg_w2_drv02,way2,cg,golden,9001,PASS,0,
cg_w2_drv02,way2,cg,golden,271828,PASS,0,
cg_w2_drv02,way2,cg,golden,314159,PASS,0,
cg_w2_drv02,way2,cg,W-01_mod_latency_plus1,42,PASS,0,
cg_w2_drv02,way2,cg,W-01_mod_latency_plus1,1337,PASS,0,
cg_w2_drv02,way2,cg,W-01_mod_latency_plus1,9001,PASS,0,
cg_w2_drv02,way2,cg,W-01_mod_latency_plus1,271828,PASS,0,
cg_w2_drv02,way2,cg,W-01_mod_latency_plus1,314159,PASS,0,
cg_w2_drv02,way2,cg,W-02_demod_latency_plus1,42,PASS,0,
cg_w2_drv02,way2,cg,W-02_demod_latency_plus1,1337,PASS,0,
cg_w2_drv02,way2,cg,W-02_demod_latency_plus1,9001,PASS,0,
cg_w2_drv02,way2,cg,W-02_demod_latency_plus1,271828,PASS,0,
cg_w2_drv02,way2,cg,W-02_demod_latency_plus1,314159,PASS,0,
cg_w2_drv02,way2,cg,W-03_mod_idle_zero,42,PASS,0,
cg_w2_drv02,way2,cg,W-03_mod_idle_zero,1337,PASS,0,
cg_w2_drv02,way2,cg,W-03_mod_idle_zero,9001,PASS,0,
cg_w2_drv02,way2,cg,W-03_mod_idle_zero,271828,PASS,0,
cg_w2_drv02,way2,cg,W-03_mod_idle_zero,314159,PASS,0,
cg_w2_drv02,way2,cg,W-04_demod_idle_zero,42,PASS,0,
cg_w2_drv02,way2,cg,W-04_demod_idle_zero,1337,PASS,0,
cg_w2_drv02,way2,cg,W-04_demod_idle_zero,9001,PASS,0,
cg_w2_drv02,way2,cg,W-04_demod_idle_zero,271828,PASS,0,
cg_w2_drv02,way2,cg,W-04_demod_idle_zero,314159,PASS,0,
cg_w2_drv02,way2,cg,W-05_mod_reset_late,42,PASS,0,
cg_w2_drv02,way2,cg,W-05_mod_reset_late,1337,PASS,0,
cg_w2_drv02,way2,cg,W-05_mod_reset_late,9001,PASS,0,
cg_w2_drv02,way2,cg,W-05_mod_reset_late,271828,PASS,0,
cg_w2_drv02,way2,cg,W-05_mod_reset_late,314159,PASS,0,
cg_w2_drv02,way2,cg,W-06_demod_reset_late,42,PASS,0,
cg_w2_drv02,way2,cg,W-06_demod_reset_late,1337,PASS,0,
cg_w2_drv02,way2,cg,W-06_demod_reset_late,9001,PASS,0,
cg_w2_drv02,way2,cg,W-06_demod_reset_late,271828,PASS,0,
cg_w2_drv02,way2,cg,W-06_demod_reset_late,314159,PASS,0,
cg_w2_drv02,way2,cg,W-07_ch_noise_doubled,42,PASS,0,
cg_w2_drv02,way2,cg,W-07_ch_noise_doubled,1337,PASS,0,
cg_w2_drv02,way2,cg,W-07_ch_noise_doubled,9001,PASS,0,
cg_w2_drv02,way2,cg,W-07_ch_noise_doubled,271828,PASS,0,
cg_w2_drv02,way2,cg,W-07_ch_noise_doubled,314159,PASS,0,
cg_w2_drv02,way2,cg,W-08_ch_rotation_doubled,42,PASS,0,
cg_w2_drv02,way2,cg,W-08_ch_rotation_doubled,1337,PASS,0,
cg_w2_drv02,way2,cg,W-08_ch_rotation_doubled,9001,PASS,0,
cg_w2_drv02,way2,cg,W-08_ch_rotation_doubled,271828,PASS,0,
cg_w2_drv02,way2,cg,W-08_ch_rotation_doubled,314159,PASS,0,
cg_w2_drv02,way2,cg,W-09_ch_latency_plus1,42,PASS,0,
cg_w2_drv02,way2,cg,W-09_ch_latency_plus1,1337,PASS,0,
cg_w2_drv02,way2,cg,W-09_ch_latency_plus1,9001,PASS,0,
cg_w2_drv02,way2,cg,W-09_ch_latency_plus1,271828,PASS,0,
cg_w2_drv02,way2,cg,W-09_ch_latency_plus1,314159,PASS,0,
cg_w2_drv02,way2,cg,W-10_ch_idle_zero,42,PASS,0,
cg_w2_drv02,way2,cg,W-10_ch_idle_zero,1337,PASS,0,
cg_w2_drv02,way2,cg,W-10_ch_idle_zero,9001,PASS,0,
cg_w2_drv02,way2,cg,W-10_ch_idle_zero,271828,PASS,0,
cg_w2_drv02,way2,cg,W-10_ch_idle_zero,314159,PASS,0,
cg_w2_drv02,way2,cg,S-01_const_sym10_i,42,FAIL,10,result_fail
cg_w2_drv02,way2,cg,S-01_const_sym10_i,1337,FAIL,10,result_fail
cg_w2_drv02,way2,cg,S-01_const_sym10_i,9001,FAIL,10,result_fail
cg_w2_drv02,way2,cg,S-01_const_sym10_i,271828,FAIL,10,result_fail
cg_w2_drv02,way2,cg,S-01_const_sym10_i,314159,FAIL,10,result_fail
cg_w2_drv02,way2,cg,S-02_const_sym01_q,42,FAIL,10,result_fail
cg_w2_drv02,way2,cg,S-02_const_sym01_q,1337,FAIL,10,result_fail
cg_w2_drv02,way2,cg,S-02_const_sym01_q,9001,FAIL,10,result_fail
cg_w2_drv02,way2,cg,S-02_const_sym01_q,271828,FAIL,10,result_fail
cg_w2_drv02,way2,cg,S-02_const_sym01_q,314159,FAIL,10,result_fail
cg_w2_drv02,way2,cg,S-03_slice_invert_i,42,FAIL,40,result_fail
cg_w2_drv02,way2,cg,S-03_slice_invert_i,1337,FAIL,40,result_fail
cg_w2_drv02,way2,cg,S-03_slice_invert_i,9001,FAIL,40,result_fail
cg_w2_drv02,way2,cg,S-03_slice_invert_i,271828,FAIL,40,result_fail
cg_w2_drv02,way2,cg,S-03_slice_invert_i,314159,FAIL,40,result_fail
cg_w2_drv02,way2,cg,S-05_mod_valid_gate,42,FAIL,36,result_fail
cg_w2_drv02,way2,cg,S-05_mod_valid_gate,1337,FAIL,36,result_fail
cg_w2_drv02,way2,cg,S-05_mod_valid_gate,9001,FAIL,36,result_fail
cg_w2_drv02,way2,cg,S-05_mod_valid_gate,271828,FAIL,36,result_fail
cg_w2_drv02,way2,cg,S-05_mod_valid_gate,314159,FAIL,36,result_fail
cg_w2_drv02,way2,cg,S-09_ch_q_inversion,42,FAIL,40,result_fail
cg_w2_drv02,way2,cg,S-09_ch_q_inversion,1337,FAIL,40,result_fail
cg_w2_drv02,way2,cg,S-09_ch_q_inversion,9001,FAIL,40,result_fail
cg_w2_drv02,way2,cg,S-09_ch_q_inversion,271828,FAIL,40,result_fail
cg_w2_drv02,way2,cg,S-09_ch_q_inversion,314159,FAIL,40,result_fail
cg_w2_drv02,way2,cg,S-11_ch_noise_overload,42,FAIL,29,result_fail
cg_w2_drv02,way2,cg,S-11_ch_noise_overload,1337,FAIL,21,result_fail
cg_w2_drv02,way2,cg,S-11_ch_noise_overload,9001,FAIL,26,result_fail
cg_w2_drv02,way2,cg,S-11_ch_noise_overload,271828,FAIL,27,result_fail
cg_w2_drv02,way2,cg,S-11_ch_noise_overload,314159,FAIL,29,result_fail
cg_w2_drv03,way2,cg,golden,42,PASS,0,
cg_w2_drv03,way2,cg,golden,1337,PASS,0,
cg_w2_drv03,way2,cg,golden,9001,PASS,0,
cg_w2_drv03,way2,cg,golden,271828,PASS,0,
cg_w2_drv03,way2,cg,golden,314159,PASS,0,
cg_w2_drv03,way2,cg,W-01_mod_latency_plus1,42,PASS,0,
cg_w2_drv03,way2,cg,W-01_mod_latency_plus1,1337,PASS,0,
cg_w2_drv03,way2,cg,W-01_mod_latency_plus1,9001,PASS,0,
cg_w2_drv03,way2,cg,W-01_mod_latency_plus1,271828,PASS,0,
cg_w2_drv03,way2,cg,W-01_mod_latency_plus1,314159,PASS,0,
cg_w2_drv03,way2,cg,W-02_demod_latency_plus1,42,PASS,0,
cg_w2_drv03,way2,cg,W-02_demod_latency_plus1,1337,PASS,0,
cg_w2_drv03,way2,cg,W-02_demod_latency_plus1,9001,PASS,0,
cg_w2_drv03,way2,cg,W-02_demod_latency_plus1,271828,PASS,0,
cg_w2_drv03,way2,cg,W-02_demod_latency_plus1,314159,PASS,0,
cg_w2_drv03,way2,cg,W-03_mod_idle_zero,42,PASS,0,
cg_w2_drv03,way2,cg,W-03_mod_idle_zero,1337,PASS,0,
cg_w2_drv03,way2,cg,W-03_mod_idle_zero,9001,PASS,0,
cg_w2_drv03,way2,cg,W-03_mod_idle_zero,271828,PASS,0,
cg_w2_drv03,way2,cg,W-03_mod_idle_zero,314159,PASS,0,
cg_w2_drv03,way2,cg,W-04_demod_idle_zero,42,PASS,0,
cg_w2_drv03,way2,cg,W-04_demod_idle_zero,1337,PASS,0,
cg_w2_drv03,way2,cg,W-04_demod_idle_zero,9001,PASS,0,
cg_w2_drv03,way2,cg,W-04_demod_idle_zero,271828,PASS,0,
cg_w2_drv03,way2,cg,W-04_demod_idle_zero,314159,PASS,0,
cg_w2_drv03,way2,cg,W-05_mod_reset_late,42,PASS,0,
cg_w2_drv03,way2,cg,W-05_mod_reset_late,1337,PASS,0,
cg_w2_drv03,way2,cg,W-05_mod_reset_late,9001,PASS,0,
cg_w2_drv03,way2,cg,W-05_mod_reset_late,271828,PASS,0,
cg_w2_drv03,way2,cg,W-05_mod_reset_late,314159,PASS,0,
cg_w2_drv03,way2,cg,W-06_demod_reset_late,42,PASS,0,
cg_w2_drv03,way2,cg,W-06_demod_reset_late,1337,PASS,0,
cg_w2_drv03,way2,cg,W-06_demod_reset_late,9001,PASS,0,
cg_w2_drv03,way2,cg,W-06_demod_reset_late,271828,PASS,0,
cg_w2_drv03,way2,cg,W-06_demod_reset_late,314159,PASS,0,
cg_w2_drv03,way2,cg,W-07_ch_noise_doubled,42,PASS,0,
cg_w2_drv03,way2,cg,W-07_ch_noise_doubled,1337,PASS,0,
cg_w2_drv03,way2,cg,W-07_ch_noise_doubled,9001,PASS,0,
cg_w2_drv03,way2,cg,W-07_ch_noise_doubled,271828,PASS,0,
cg_w2_drv03,way2,cg,W-07_ch_noise_doubled,314159,PASS,0,
cg_w2_drv03,way2,cg,W-08_ch_rotation_doubled,42,PASS,0,
cg_w2_drv03,way2,cg,W-08_ch_rotation_doubled,1337,PASS,0,
cg_w2_drv03,way2,cg,W-08_ch_rotation_doubled,9001,PASS,0,
cg_w2_drv03,way2,cg,W-08_ch_rotation_doubled,271828,PASS,0,
cg_w2_drv03,way2,cg,W-08_ch_rotation_doubled,314159,PASS,0,
cg_w2_drv03,way2,cg,W-09_ch_latency_plus1,42,PASS,0,
cg_w2_drv03,way2,cg,W-09_ch_latency_plus1,1337,PASS,0,
cg_w2_drv03,way2,cg,W-09_ch_latency_plus1,9001,PASS,0,
cg_w2_drv03,way2,cg,W-09_ch_latency_plus1,271828,PASS,0,
cg_w2_drv03,way2,cg,W-09_ch_latency_plus1,314159,PASS,0,
cg_w2_drv03,way2,cg,W-10_ch_idle_zero,42,PASS,0,
cg_w2_drv03,way2,cg,W-10_ch_idle_zero,1337,PASS,0,
cg_w2_drv03,way2,cg,W-10_ch_idle_zero,9001,PASS,0,
cg_w2_drv03,way2,cg,W-10_ch_idle_zero,271828,PASS,0,
cg_w2_drv03,way2,cg,W-10_ch_idle_zero,314159,PASS,0,
cg_w2_drv03,way2,cg,S-01_const_sym10_i,42,FAIL,10,result_fail
cg_w2_drv03,way2,cg,S-01_const_sym10_i,1337,FAIL,10,result_fail
cg_w2_drv03,way2,cg,S-01_const_sym10_i,9001,FAIL,10,result_fail
cg_w2_drv03,way2,cg,S-01_const_sym10_i,271828,FAIL,10,result_fail
cg_w2_drv03,way2,cg,S-01_const_sym10_i,314159,FAIL,10,result_fail
cg_w2_drv03,way2,cg,S-02_const_sym01_q,42,FAIL,10,result_fail
cg_w2_drv03,way2,cg,S-02_const_sym01_q,1337,FAIL,10,result_fail
cg_w2_drv03,way2,cg,S-02_const_sym01_q,9001,FAIL,10,result_fail
cg_w2_drv03,way2,cg,S-02_const_sym01_q,271828,FAIL,10,result_fail
cg_w2_drv03,way2,cg,S-02_const_sym01_q,314159,FAIL,10,result_fail
cg_w2_drv03,way2,cg,S-03_slice_invert_i,42,FAIL,40,result_fail
cg_w2_drv03,way2,cg,S-03_slice_invert_i,1337,FAIL,40,result_fail
cg_w2_drv03,way2,cg,S-03_slice_invert_i,9001,FAIL,40,result_fail
cg_w2_drv03,way2,cg,S-03_slice_invert_i,271828,FAIL,40,result_fail
cg_w2_drv03,way2,cg,S-03_slice_invert_i,314159,FAIL,40,result_fail
cg_w2_drv03,way2,cg,S-05_mod_valid_gate,42,FAIL,36,result_fail
cg_w2_drv03,way2,cg,S-05_mod_valid_gate,1337,FAIL,36,result_fail
cg_w2_drv03,way2,cg,S-05_mod_valid_gate,9001,FAIL,36,result_fail
cg_w2_drv03,way2,cg,S-05_mod_valid_gate,271828,FAIL,36,result_fail
cg_w2_drv03,way2,cg,S-05_mod_valid_gate,314159,FAIL,36,result_fail
cg_w2_drv03,way2,cg,S-09_ch_q_inversion,42,FAIL,40,result_fail
cg_w2_drv03,way2,cg,S-09_ch_q_inversion,1337,FAIL,40,result_fail
cg_w2_drv03,way2,cg,S-09_ch_q_inversion,9001,FAIL,40,result_fail
cg_w2_drv03,way2,cg,S-09_ch_q_inversion,271828,FAIL,40,result_fail
cg_w2_drv03,way2,cg,S-09_ch_q_inversion,314159,FAIL,40,result_fail
cg_w2_drv03,way2,cg,S-11_ch_noise_overload,42,FAIL,29,result_fail
cg_w2_drv03,way2,cg,S-11_ch_noise_overload,1337,FAIL,21,result_fail
cg_w2_drv03,way2,cg,S-11_ch_noise_overload,9001,FAIL,26,result_fail
cg_w2_drv03,way2,cg,S-11_ch_noise_overload,271828,FAIL,27,result_fail
cg_w2_drv03,way2,cg,S-11_ch_noise_overload,314159,FAIL,29,result_fail
cg_w2_drv05,way2,cg,golden,42,PASS,0,
cg_w2_drv05,way2,cg,golden,1337,PASS,0,
cg_w2_drv05,way2,cg,golden,9001,PASS,0,
cg_w2_drv05,way2,cg,golden,271828,PASS,0,
cg_w2_drv05,way2,cg,golden,314159,PASS,0,
cg_w2_drv05,way2,cg,W-01_mod_latency_plus1,42,PASS,0,
cg_w2_drv05,way2,cg,W-01_mod_latency_plus1,1337,PASS,0,
cg_w2_drv05,way2,cg,W-01_mod_latency_plus1,9001,PASS,0,
cg_w2_drv05,way2,cg,W-01_mod_latency_plus1,271828,PASS,0,
cg_w2_drv05,way2,cg,W-01_mod_latency_plus1,314159,PASS,0,
cg_w2_drv05,way2,cg,W-02_demod_latency_plus1,42,PASS,0,
cg_w2_drv05,way2,cg,W-02_demod_latency_plus1,1337,PASS,0,
cg_w2_drv05,way2,cg,W-02_demod_latency_plus1,9001,PASS,0,
cg_w2_drv05,way2,cg,W-02_demod_latency_plus1,271828,PASS,0,
cg_w2_drv05,way2,cg,W-02_demod_latency_plus1,314159,PASS,0,
cg_w2_drv05,way2,cg,W-03_mod_idle_zero,42,PASS,0,
cg_w2_drv05,way2,cg,W-03_mod_idle_zero,1337,PASS,0,
cg_w2_drv05,way2,cg,W-03_mod_idle_zero,9001,PASS,0,
cg_w2_drv05,way2,cg,W-03_mod_idle_zero,271828,PASS,0,
cg_w2_drv05,way2,cg,W-03_mod_idle_zero,314159,PASS,0,
cg_w2_drv05,way2,cg,W-04_demod_idle_zero,42,PASS,0,
cg_w2_drv05,way2,cg,W-04_demod_idle_zero,1337,PASS,0,
cg_w2_drv05,way2,cg,W-04_demod_idle_zero,9001,PASS,0,
cg_w2_drv05,way2,cg,W-04_demod_idle_zero,271828,PASS,0,
cg_w2_drv05,way2,cg,W-04_demod_idle_zero,314159,PASS,0,
cg_w2_drv05,way2,cg,W-05_mod_reset_late,42,PASS,0,
cg_w2_drv05,way2,cg,W-05_mod_reset_late,1337,PASS,0,
cg_w2_drv05,way2,cg,W-05_mod_reset_late,9001,PASS,0,
cg_w2_drv05,way2,cg,W-05_mod_reset_late,271828,PASS,0,
cg_w2_drv05,way2,cg,W-05_mod_reset_late,314159,PASS,0,
cg_w2_drv05,way2,cg,W-06_demod_reset_late,42,PASS,0,
cg_w2_drv05,way2,cg,W-06_demod_reset_late,1337,PASS,0,
cg_w2_drv05,way2,cg,W-06_demod_reset_late,9001,PASS,0,
cg_w2_drv05,way2,cg,W-06_demod_reset_late,271828,PASS,0,
cg_w2_drv05,way2,cg,W-06_demod_reset_late,314159,PASS,0,
cg_w2_drv05,way2,cg,W-07_ch_noise_doubled,42,PASS,0,
cg_w2_drv05,way2,cg,W-07_ch_noise_doubled,1337,PASS,0,
cg_w2_drv05,way2,cg,W-07_ch_noise_doubled,9001,PASS,0,
cg_w2_drv05,way2,cg,W-07_ch_noise_doubled,271828,PASS,0,
cg_w2_drv05,way2,cg,W-07_ch_noise_doubled,314159,PASS,0,
cg_w2_drv05,way2,cg,W-08_ch_rotation_doubled,42,PASS,0,
cg_w2_drv05,way2,cg,W-08_ch_rotation_doubled,1337,PASS,0,
cg_w2_drv05,way2,cg,W-08_ch_rotation_doubled,9001,PASS,0,
cg_w2_drv05,way2,cg,W-08_ch_rotation_doubled,271828,PASS,0,
cg_w2_drv05,way2,cg,W-08_ch_rotation_doubled,314159,PASS,0,
cg_w2_drv05,way2,cg,W-09_ch_latency_plus1,42,PASS,0,
cg_w2_drv05,way2,cg,W-09_ch_latency_plus1,1337,PASS,0,
cg_w2_drv05,way2,cg,W-09_ch_latency_plus1,9001,PASS,0,
cg_w2_drv05,way2,cg,W-09_ch_latency_plus1,271828,PASS,0,
cg_w2_drv05,way2,cg,W-09_ch_latency_plus1,314159,PASS,0,
cg_w2_drv05,way2,cg,W-10_ch_idle_zero,42,PASS,0,
cg_w2_drv05,way2,cg,W-10_ch_idle_zero,1337,PASS,0,
cg_w2_drv05,way2,cg,W-10_ch_idle_zero,9001,PASS,0,
cg_w2_drv05,way2,cg,W-10_ch_idle_zero,271828,PASS,0,
cg_w2_drv05,way2,cg,W-10_ch_idle_zero,314159,PASS,0,
cg_w2_drv05,way2,cg,S-01_const_sym10_i,42,FAIL,10,result_fail
cg_w2_drv05,way2,cg,S-01_const_sym10_i,1337,FAIL,10,result_fail
cg_w2_drv05,way2,cg,S-01_const_sym10_i,9001,FAIL,10,result_fail
cg_w2_drv05,way2,cg,S-01_const_sym10_i,271828,FAIL,10,result_fail
cg_w2_drv05,way2,cg,S-01_const_sym10_i,314159,FAIL,10,result_fail
cg_w2_drv05,way2,cg,S-02_const_sym01_q,42,FAIL,10,result_fail
cg_w2_drv05,way2,cg,S-02_const_sym01_q,1337,FAIL,10,result_fail
cg_w2_drv05,way2,cg,S-02_const_sym01_q,9001,FAIL,10,result_fail
cg_w2_drv05,way2,cg,S-02_const_sym01_q,271828,FAIL,10,result_fail
cg_w2_drv05,way2,cg,S-02_const_sym01_q,314159,FAIL,10,result_fail
cg_w2_drv05,way2,cg,S-03_slice_invert_i,42,FAIL,40,result_fail
cg_w2_drv05,way2,cg,S-03_slice_invert_i,1337,FAIL,40,result_fail
cg_w2_drv05,way2,cg,S-03_slice_invert_i,9001,FAIL,40,result_fail
cg_w2_drv05,way2,cg,S-03_slice_invert_i,271828,FAIL,40,result_fail
cg_w2_drv05,way2,cg,S-03_slice_invert_i,314159,FAIL,40,result_fail
cg_w2_drv05,way2,cg,S-05_mod_valid_gate,42,FAIL,36,result_fail
cg_w2_drv05,way2,cg,S-05_mod_valid_gate,1337,FAIL,36,result_fail
cg_w2_drv05,way2,cg,S-05_mod_valid_gate,9001,FAIL,36,result_fail
cg_w2_drv05,way2,cg,S-05_mod_valid_gate,271828,FAIL,36,result_fail
cg_w2_drv05,way2,cg,S-05_mod_valid_gate,314159,FAIL,36,result_fail
cg_w2_drv05,way2,cg,S-09_ch_q_inversion,42,FAIL,40,result_fail
cg_w2_drv05,way2,cg,S-09_ch_q_inversion,1337,FAIL,40,result_fail
cg_w2_drv05,way2,cg,S-09_ch_q_inversion,9001,FAIL,40,result_fail
cg_w2_drv05,way2,cg,S-09_ch_q_inversion,271828,FAIL,40,result_fail
cg_w2_drv05,way2,cg,S-09_ch_q_inversion,314159,FAIL,40,result_fail
cg_w2_drv05,way2,cg,S-11_ch_noise_overload,42,FAIL,29,result_fail
cg_w2_drv05,way2,cg,S-11_ch_noise_overload,1337,FAIL,21,result_fail
cg_w2_drv05,way2,cg,S-11_ch_noise_overload,9001,FAIL,26,result_fail
cg_w2_drv05,way2,cg,S-11_ch_noise_overload,271828,FAIL,27,result_fail
cg_w2_drv05,way2,cg,S-11_ch_noise_overload,314159,FAIL,29,result_fail
cg_w2_seq01,way2,cg,golden,42,FAIL,0,no_result
cg_w2_seq01,way2,cg,golden,1337,FAIL,0,no_result
cg_w2_seq01,way2,cg,golden,9001,FAIL,0,no_result
cg_w2_seq01,way2,cg,golden,271828,FAIL,0,no_result
cg_w2_seq01,way2,cg,golden,314159,FAIL,0,no_result
cg_w2_seq01,way2,cg,W-01_mod_latency_plus1,42,FAIL,0,no_result
cg_w2_seq01,way2,cg,W-01_mod_latency_plus1,1337,FAIL,0,no_result
cg_w2_seq01,way2,cg,W-01_mod_latency_plus1,9001,FAIL,0,no_result
cg_w2_seq01,way2,cg,W-01_mod_latency_plus1,271828,FAIL,0,no_result
cg_w2_seq01,way2,cg,W-01_mod_latency_plus1,314159,FAIL,0,no_result
cg_w2_seq01,way2,cg,W-02_demod_latency_plus1,42,FAIL,0,no_result
cg_w2_seq01,way2,cg,W-02_demod_latency_plus1,1337,FAIL,0,no_result
cg_w2_seq01,way2,cg,W-02_demod_latency_plus1,9001,FAIL,0,no_result
cg_w2_seq01,way2,cg,W-02_demod_latency_plus1,271828,FAIL,0,no_result
cg_w2_seq01,way2,cg,W-02_demod_latency_plus1,314159,FAIL,0,no_result
cg_w2_seq01,way2,cg,W-03_mod_idle_zero,42,FAIL,0,no_result
cg_w2_seq01,way2,cg,W-03_mod_idle_zero,1337,FAIL,0,no_result
cg_w2_seq01,way2,cg,W-03_mod_idle_zero,9001,FAIL,0,no_result
cg_w2_seq01,way2,cg,W-03_mod_idle_zero,271828,FAIL,0,no_result
cg_w2_seq01,way2,cg,W-03_mod_idle_zero,314159,FAIL,0,no_result
cg_w2_seq01,way2,cg,W-04_demod_idle_zero,42,FAIL,0,no_result
cg_w2_seq01,way2,cg,W-04_demod_idle_zero,1337,FAIL,0,no_result
cg_w2_seq01,way2,cg,W-04_demod_idle_zero,9001,FAIL,0,no_result
cg_w2_seq01,way2,cg,W-04_demod_idle_zero,271828,FAIL,0,no_result
cg_w2_seq01,way2,cg,W-04_demod_idle_zero,314159,FAIL,0,no_result
cg_w2_seq01,way2,cg,W-05_mod_reset_late,42,FAIL,0,no_result
cg_w2_seq01,way2,cg,W-05_mod_reset_late,1337,FAIL,0,no_result
cg_w2_seq01,way2,cg,W-05_mod_reset_late,9001,FAIL,0,no_result
cg_w2_seq01,way2,cg,W-05_mod_reset_late,271828,FAIL,0,no_result
cg_w2_seq01,way2,cg,W-05_mod_reset_late,314159,FAIL,0,no_result
cg_w2_seq01,way2,cg,W-06_demod_reset_late,42,FAIL,0,no_result
cg_w2_seq01,way2,cg,W-06_demod_reset_late,1337,FAIL,0,no_result
cg_w2_seq01,way2,cg,W-06_demod_reset_late,9001,FAIL,0,no_result
cg_w2_seq01,way2,cg,W-06_demod_reset_late,271828,FAIL,0,no_result
cg_w2_seq01,way2,cg,W-06_demod_reset_late,314159,FAIL,0,no_result
cg_w2_seq01,way2,cg,W-07_ch_noise_doubled,42,FAIL,0,no_result
cg_w2_seq01,way2,cg,W-07_ch_noise_doubled,1337,FAIL,0,no_result
cg_w2_seq01,way2,cg,W-07_ch_noise_doubled,9001,FAIL,0,no_result
cg_w2_seq01,way2,cg,W-07_ch_noise_doubled,271828,FAIL,0,no_result
cg_w2_seq01,way2,cg,W-07_ch_noise_doubled,314159,FAIL,0,no_result
cg_w2_seq01,way2,cg,W-08_ch_rotation_doubled,42,FAIL,0,no_result
cg_w2_seq01,way2,cg,W-08_ch_rotation_doubled,1337,FAIL,0,no_result
cg_w2_seq01,way2,cg,W-08_ch_rotation_doubled,9001,FAIL,0,no_result
cg_w2_seq01,way2,cg,W-08_ch_rotation_doubled,271828,FAIL,0,no_result
cg_w2_seq01,way2,cg,W-08_ch_rotation_doubled,314159,FAIL,0,no_result
cg_w2_seq01,way2,cg,W-09_ch_latency_plus1,42,FAIL,0,no_result
cg_w2_seq01,way2,cg,W-09_ch_latency_plus1,1337,FAIL,0,no_result
cg_w2_seq01,way2,cg,W-09_ch_latency_plus1,9001,FAIL,0,no_result
cg_w2_seq01,way2,cg,W-09_ch_latency_plus1,271828,FAIL,0,no_result
cg_w2_seq01,way2,cg,W-09_ch_latency_plus1,314159,FAIL,0,no_result
cg_w2_seq01,way2,cg,W-10_ch_idle_zero,42,FAIL,0,no_result
cg_w2_seq01,way2,cg,W-10_ch_idle_zero,1337,FAIL,0,no_result
cg_w2_seq01,way2,cg,W-10_ch_idle_zero,9001,FAIL,0,no_result
cg_w2_seq01,way2,cg,W-10_ch_idle_zero,271828,FAIL,0,no_result
cg_w2_seq01,way2,cg,W-10_ch_idle_zero,314159,FAIL,0,no_result
cg_w2_seq01,way2,cg,S-01_const_sym10_i,42,FAIL,0,no_result
cg_w2_seq01,way2,cg,S-01_const_sym10_i,1337,FAIL,0,no_result
cg_w2_seq01,way2,cg,S-01_const_sym10_i,9001,FAIL,0,no_result
cg_w2_seq01,way2,cg,S-01_const_sym10_i,271828,FAIL,0,no_result
cg_w2_seq01,way2,cg,S-01_const_sym10_i,314159,FAIL,0,no_result
cg_w2_seq01,way2,cg,S-02_const_sym01_q,42,FAIL,0,no_result
cg_w2_seq01,way2,cg,S-02_const_sym01_q,1337,FAIL,0,no_result
cg_w2_seq01,way2,cg,S-02_const_sym01_q,9001,FAIL,0,no_result
cg_w2_seq01,way2,cg,S-02_const_sym01_q,271828,FAIL,0,no_result
cg_w2_seq01,way2,cg,S-02_const_sym01_q,314159,FAIL,0,no_result
cg_w2_seq01,way2,cg,S-03_slice_invert_i,42,FAIL,0,no_result
cg_w2_seq01,way2,cg,S-03_slice_invert_i,1337,FAIL,0,no_result
cg_w2_seq01,way2,cg,S-03_slice_invert_i,9001,FAIL,0,no_result
cg_w2_seq01,way2,cg,S-03_slice_invert_i,271828,FAIL,0,no_result
cg_w2_seq01,way2,cg,S-03_slice_invert_i,314159,FAIL,0,no_result
cg_w2_seq01,way2,cg,S-05_mod_valid_gate,42,FAIL,0,no_result
cg_w2_seq01,way2,cg,S-05_mod_valid_gate,1337,FAIL,0,no_result
cg_w2_seq01,way2,cg,S-05_mod_valid_gate,9001,FAIL,0,no_result
cg_w2_seq01,way2,cg,S-05_mod_valid_gate,271828,FAIL,0,no_result
cg_w2_seq01,way2,cg,S-05_mod_valid_gate,314159,FAIL,0,no_result
cg_w2_seq01,way2,cg,S-09_ch_q_inversion,42,FAIL,0,no_result
cg_w2_seq01,way2,cg,S-09_ch_q_inversion,1337,FAIL,0,no_result
cg_w2_seq01,way2,cg,S-09_ch_q_inversion,9001,FAIL,0,no_result
cg_w2_seq01,way2,cg,S-09_ch_q_inversion,271828,FAIL,0,no_result
cg_w2_seq01,way2,cg,S-09_ch_q_inversion,314159,FAIL,0,no_result
cg_w2_seq01,way2,cg,S-11_ch_noise_overload,42,FAIL,0,no_result
cg_w2_seq01,way2,cg,S-11_ch_noise_overload,1337,FAIL,0,no_result
cg_w2_seq01,way2,cg,S-11_ch_noise_overload,9001,FAIL,0,no_result
cg_w2_seq01,way2,cg,S-11_ch_noise_overload,271828,FAIL,0,no_result
cg_w2_seq01,way2,cg,S-11_ch_noise_overload,314159,FAIL,0,no_result
cg_w2_seq02,way2,cg,golden,42,FAIL,0,no_result
cg_w2_seq02,way2,cg,golden,1337,FAIL,0,no_result
cg_w2_seq02,way2,cg,golden,9001,FAIL,0,no_result
cg_w2_seq02,way2,cg,golden,271828,FAIL,0,no_result
cg_w2_seq02,way2,cg,golden,314159,FAIL,0,no_result
cg_w2_seq02,way2,cg,W-01_mod_latency_plus1,42,FAIL,0,no_result
cg_w2_seq02,way2,cg,W-01_mod_latency_plus1,1337,FAIL,0,no_result
cg_w2_seq02,way2,cg,W-01_mod_latency_plus1,9001,FAIL,0,no_result
cg_w2_seq02,way2,cg,W-01_mod_latency_plus1,271828,FAIL,0,no_result
cg_w2_seq02,way2,cg,W-01_mod_latency_plus1,314159,FAIL,0,no_result
cg_w2_seq02,way2,cg,W-02_demod_latency_plus1,42,FAIL,0,no_result
cg_w2_seq02,way2,cg,W-02_demod_latency_plus1,1337,FAIL,0,no_result
cg_w2_seq02,way2,cg,W-02_demod_latency_plus1,9001,FAIL,0,no_result
cg_w2_seq02,way2,cg,W-02_demod_latency_plus1,271828,FAIL,0,no_result
cg_w2_seq02,way2,cg,W-02_demod_latency_plus1,314159,FAIL,0,no_result
cg_w2_seq02,way2,cg,W-03_mod_idle_zero,42,FAIL,0,no_result
cg_w2_seq02,way2,cg,W-03_mod_idle_zero,1337,FAIL,0,no_result
cg_w2_seq02,way2,cg,W-03_mod_idle_zero,9001,FAIL,0,no_result
cg_w2_seq02,way2,cg,W-03_mod_idle_zero,271828,FAIL,0,no_result
cg_w2_seq02,way2,cg,W-03_mod_idle_zero,314159,FAIL,0,no_result
cg_w2_seq02,way2,cg,W-04_demod_idle_zero,42,FAIL,0,no_result
cg_w2_seq02,way2,cg,W-04_demod_idle_zero,1337,FAIL,0,no_result
cg_w2_seq02,way2,cg,W-04_demod_idle_zero,9001,FAIL,0,no_result
cg_w2_seq02,way2,cg,W-04_demod_idle_zero,271828,FAIL,0,no_result
cg_w2_seq02,way2,cg,W-04_demod_idle_zero,314159,FAIL,0,no_result
cg_w2_seq02,way2,cg,W-05_mod_reset_late,42,FAIL,0,no_result
cg_w2_seq02,way2,cg,W-05_mod_reset_late,1337,FAIL,0,no_result
cg_w2_seq02,way2,cg,W-05_mod_reset_late,9001,FAIL,0,no_result
cg_w2_seq02,way2,cg,W-05_mod_reset_late,271828,FAIL,0,no_result
cg_w2_seq02,way2,cg,W-05_mod_reset_late,314159,FAIL,0,no_result
cg_w2_seq02,way2,cg,W-06_demod_reset_late,42,FAIL,0,no_result
cg_w2_seq02,way2,cg,W-06_demod_reset_late,1337,FAIL,0,no_result
cg_w2_seq02,way2,cg,W-06_demod_reset_late,9001,FAIL,0,no_result
cg_w2_seq02,way2,cg,W-06_demod_reset_late,271828,FAIL,0,no_result
cg_w2_seq02,way2,cg,W-06_demod_reset_late,314159,FAIL,0,no_result
cg_w2_seq02,way2,cg,W-07_ch_noise_doubled,42,FAIL,0,no_result
cg_w2_seq02,way2,cg,W-07_ch_noise_doubled,1337,FAIL,0,no_result
cg_w2_seq02,way2,cg,W-07_ch_noise_doubled,9001,FAIL,0,no_result
cg_w2_seq02,way2,cg,W-07_ch_noise_doubled,271828,FAIL,0,no_result
cg_w2_seq02,way2,cg,W-07_ch_noise_doubled,314159,FAIL,0,no_result
cg_w2_seq02,way2,cg,W-08_ch_rotation_doubled,42,FAIL,0,no_result
cg_w2_seq02,way2,cg,W-08_ch_rotation_doubled,1337,FAIL,0,no_result
cg_w2_seq02,way2,cg,W-08_ch_rotation_doubled,9001,FAIL,0,no_result
cg_w2_seq02,way2,cg,W-08_ch_rotation_doubled,271828,FAIL,0,no_result
cg_w2_seq02,way2,cg,W-08_ch_rotation_doubled,314159,FAIL,0,no_result
cg_w2_seq02,way2,cg,W-09_ch_latency_plus1,42,FAIL,0,no_result
cg_w2_seq02,way2,cg,W-09_ch_latency_plus1,1337,FAIL,0,no_result
cg_w2_seq02,way2,cg,W-09_ch_latency_plus1,9001,FAIL,0,no_result
cg_w2_seq02,way2,cg,W-09_ch_latency_plus1,271828,FAIL,0,no_result
cg_w2_seq02,way2,cg,W-09_ch_latency_plus1,314159,FAIL,0,no_result
cg_w2_seq02,way2,cg,W-10_ch_idle_zero,42,FAIL,0,no_result
cg_w2_seq02,way2,cg,W-10_ch_idle_zero,1337,FAIL,0,no_result
cg_w2_seq02,way2,cg,W-10_ch_idle_zero,9001,FAIL,0,no_result
cg_w2_seq02,way2,cg,W-10_ch_idle_zero,271828,FAIL,0,no_result
cg_w2_seq02,way2,cg,W-10_ch_idle_zero,314159,FAIL,0,no_result
cg_w2_seq02,way2,cg,S-01_const_sym10_i,42,FAIL,0,no_result
cg_w2_seq02,way2,cg,S-01_const_sym10_i,1337,FAIL,0,no_result
cg_w2_seq02,way2,cg,S-01_const_sym10_i,9001,FAIL,0,no_result
cg_w2_seq02,way2,cg,S-01_const_sym10_i,271828,FAIL,0,no_result
cg_w2_seq02,way2,cg,S-01_const_sym10_i,314159,FAIL,0,no_result
cg_w2_seq02,way2,cg,S-02_const_sym01_q,42,FAIL,0,no_result
cg_w2_seq02,way2,cg,S-02_const_sym01_q,1337,FAIL,0,no_result
cg_w2_seq02,way2,cg,S-02_const_sym01_q,9001,FAIL,0,no_result
cg_w2_seq02,way2,cg,S-02_const_sym01_q,271828,FAIL,0,no_result
cg_w2_seq02,way2,cg,S-02_const_sym01_q,314159,FAIL,0,no_result
cg_w2_seq02,way2,cg,S-03_slice_invert_i,42,FAIL,0,no_result
cg_w2_seq02,way2,cg,S-03_slice_invert_i,1337,FAIL,0,no_result
cg_w2_seq02,way2,cg,S-03_slice_invert_i,9001,FAIL,0,no_result
cg_w2_seq02,way2,cg,S-03_slice_invert_i,271828,FAIL,0,no_result
cg_w2_seq02,way2,cg,S-03_slice_invert_i,314159,FAIL,0,no_result
cg_w2_seq02,way2,cg,S-05_mod_valid_gate,42,FAIL,0,no_result
cg_w2_seq02,way2,cg,S-05_mod_valid_gate,1337,FAIL,0,no_result
cg_w2_seq02,way2,cg,S-05_mod_valid_gate,9001,FAIL,0,no_result
cg_w2_seq02,way2,cg,S-05_mod_valid_gate,271828,FAIL,0,no_result
cg_w2_seq02,way2,cg,S-05_mod_valid_gate,314159,FAIL,0,no_result
cg_w2_seq02,way2,cg,S-09_ch_q_inversion,42,FAIL,0,no_result
cg_w2_seq02,way2,cg,S-09_ch_q_inversion,1337,FAIL,0,no_result
cg_w2_seq02,way2,cg,S-09_ch_q_inversion,9001,FAIL,0,no_result
cg_w2_seq02,way2,cg,S-09_ch_q_inversion,271828,FAIL,0,no_result
cg_w2_seq02,way2,cg,S-09_ch_q_inversion,314159,FAIL,0,no_result
cg_w2_seq02,way2,cg,S-11_ch_noise_overload,42,FAIL,0,no_result
cg_w2_seq02,way2,cg,S-11_ch_noise_overload,1337,FAIL,0,no_result
cg_w2_seq02,way2,cg,S-11_ch_noise_overload,9001,FAIL,0,no_result
cg_w2_seq02,way2,cg,S-11_ch_noise_overload,271828,FAIL,0,no_result
cg_w2_seq02,way2,cg,S-11_ch_noise_overload,314159,FAIL,0,no_result
cg_w2_seq03,way2,cg,golden,42,FAIL,0,no_result
cg_w2_seq03,way2,cg,golden,1337,FAIL,0,no_result
cg_w2_seq03,way2,cg,golden,9001,FAIL,0,no_result
cg_w2_seq03,way2,cg,golden,271828,FAIL,0,no_result
cg_w2_seq03,way2,cg,golden,314159,FAIL,0,no_result
cg_w2_seq03,way2,cg,W-01_mod_latency_plus1,42,FAIL,0,no_result
cg_w2_seq03,way2,cg,W-01_mod_latency_plus1,1337,FAIL,0,no_result
cg_w2_seq03,way2,cg,W-01_mod_latency_plus1,9001,FAIL,0,no_result
cg_w2_seq03,way2,cg,W-01_mod_latency_plus1,271828,FAIL,0,no_result
cg_w2_seq03,way2,cg,W-01_mod_latency_plus1,314159,FAIL,0,no_result
cg_w2_seq03,way2,cg,W-02_demod_latency_plus1,42,FAIL,0,no_result
cg_w2_seq03,way2,cg,W-02_demod_latency_plus1,1337,FAIL,0,no_result
cg_w2_seq03,way2,cg,W-02_demod_latency_plus1,9001,FAIL,0,no_result
cg_w2_seq03,way2,cg,W-02_demod_latency_plus1,271828,FAIL,0,no_result
cg_w2_seq03,way2,cg,W-02_demod_latency_plus1,314159,FAIL,0,no_result
cg_w2_seq03,way2,cg,W-03_mod_idle_zero,42,FAIL,0,no_result
cg_w2_seq03,way2,cg,W-03_mod_idle_zero,1337,FAIL,0,no_result
cg_w2_seq03,way2,cg,W-03_mod_idle_zero,9001,FAIL,0,no_result
cg_w2_seq03,way2,cg,W-03_mod_idle_zero,271828,FAIL,0,no_result
cg_w2_seq03,way2,cg,W-03_mod_idle_zero,314159,FAIL,0,no_result
cg_w2_seq03,way2,cg,W-04_demod_idle_zero,42,FAIL,0,no_result
cg_w2_seq03,way2,cg,W-04_demod_idle_zero,1337,FAIL,0,no_result
cg_w2_seq03,way2,cg,W-04_demod_idle_zero,9001,FAIL,0,no_result
cg_w2_seq03,way2,cg,W-04_demod_idle_zero,271828,FAIL,0,no_result
cg_w2_seq03,way2,cg,W-04_demod_idle_zero,314159,FAIL,0,no_result
cg_w2_seq03,way2,cg,W-05_mod_reset_late,42,FAIL,0,no_result
cg_w2_seq03,way2,cg,W-05_mod_reset_late,1337,FAIL,0,no_result
cg_w2_seq03,way2,cg,W-05_mod_reset_late,9001,FAIL,0,no_result
cg_w2_seq03,way2,cg,W-05_mod_reset_late,271828,FAIL,0,no_result
cg_w2_seq03,way2,cg,W-05_mod_reset_late,314159,FAIL,0,no_result
cg_w2_seq03,way2,cg,W-06_demod_reset_late,42,FAIL,0,no_result
cg_w2_seq03,way2,cg,W-06_demod_reset_late,1337,FAIL,0,no_result
cg_w2_seq03,way2,cg,W-06_demod_reset_late,9001,FAIL,0,no_result
cg_w2_seq03,way2,cg,W-06_demod_reset_late,271828,FAIL,0,no_result
cg_w2_seq03,way2,cg,W-06_demod_reset_late,314159,FAIL,0,no_result
cg_w2_seq03,way2,cg,W-07_ch_noise_doubled,42,FAIL,0,no_result
cg_w2_seq03,way2,cg,W-07_ch_noise_doubled,1337,FAIL,0,no_result
cg_w2_seq03,way2,cg,W-07_ch_noise_doubled,9001,FAIL,0,no_result
cg_w2_seq03,way2,cg,W-07_ch_noise_doubled,271828,FAIL,0,no_result
cg_w2_seq03,way2,cg,W-07_ch_noise_doubled,314159,FAIL,0,no_result
cg_w2_seq03,way2,cg,W-08_ch_rotation_doubled,42,FAIL,0,no_result
cg_w2_seq03,way2,cg,W-08_ch_rotation_doubled,1337,FAIL,0,no_result
cg_w2_seq03,way2,cg,W-08_ch_rotation_doubled,9001,FAIL,0,no_result
cg_w2_seq03,way2,cg,W-08_ch_rotation_doubled,271828,FAIL,0,no_result
cg_w2_seq03,way2,cg,W-08_ch_rotation_doubled,314159,FAIL,0,no_result
cg_w2_seq03,way2,cg,W-09_ch_latency_plus1,42,FAIL,0,no_result
cg_w2_seq03,way2,cg,W-09_ch_latency_plus1,1337,FAIL,0,no_result
cg_w2_seq03,way2,cg,W-09_ch_latency_plus1,9001,FAIL,0,no_result
cg_w2_seq03,way2,cg,W-09_ch_latency_plus1,271828,FAIL,0,no_result
cg_w2_seq03,way2,cg,W-09_ch_latency_plus1,314159,FAIL,0,no_result
cg_w2_seq03,way2,cg,W-10_ch_idle_zero,42,FAIL,0,no_result
cg_w2_seq03,way2,cg,W-10_ch_idle_zero,1337,FAIL,0,no_result
cg_w2_seq03,way2,cg,W-10_ch_idle_zero,9001,FAIL,0,no_result
cg_w2_seq03,way2,cg,W-10_ch_idle_zero,271828,FAIL,0,no_result
cg_w2_seq03,way2,cg,W-10_ch_idle_zero,314159,FAIL,0,no_result
cg_w2_seq03,way2,cg,S-01_const_sym10_i,42,FAIL,0,no_result
cg_w2_seq03,way2,cg,S-01_const_sym10_i,1337,FAIL,0,no_result
cg_w2_seq03,way2,cg,S-01_const_sym10_i,9001,FAIL,0,no_result
cg_w2_seq03,way2,cg,S-01_const_sym10_i,271828,FAIL,0,no_result
cg_w2_seq03,way2,cg,S-01_const_sym10_i,314159,FAIL,0,no_result
cg_w2_seq03,way2,cg,S-02_const_sym01_q,42,FAIL,0,no_result
cg_w2_seq03,way2,cg,S-02_const_sym01_q,1337,FAIL,0,no_result
cg_w2_seq03,way2,cg,S-02_const_sym01_q,9001,FAIL,0,no_result
cg_w2_seq03,way2,cg,S-02_const_sym01_q,271828,FAIL,0,no_result
cg_w2_seq03,way2,cg,S-02_const_sym01_q,314159,FAIL,0,no_result
cg_w2_seq03,way2,cg,S-03_slice_invert_i,42,FAIL,0,no_result
cg_w2_seq03,way2,cg,S-03_slice_invert_i,1337,FAIL,0,no_result
cg_w2_seq03,way2,cg,S-03_slice_invert_i,9001,FAIL,0,no_result
cg_w2_seq03,way2,cg,S-03_slice_invert_i,271828,FAIL,0,no_result
cg_w2_seq03,way2,cg,S-03_slice_invert_i,314159,FAIL,0,no_result
cg_w2_seq03,way2,cg,S-05_mod_valid_gate,42,FAIL,0,no_result
cg_w2_seq03,way2,cg,S-05_mod_valid_gate,1337,FAIL,0,no_result
cg_w2_seq03,way2,cg,S-05_mod_valid_gate,9001,FAIL,0,no_result
cg_w2_seq03,way2,cg,S-05_mod_valid_gate,271828,FAIL,0,no_result
cg_w2_seq03,way2,cg,S-05_mod_valid_gate,314159,FAIL,0,no_result
cg_w2_seq03,way2,cg,S-09_ch_q_inversion,42,FAIL,0,no_result
cg_w2_seq03,way2,cg,S-09_ch_q_inversion,1337,FAIL,0,no_result
cg_w2_seq03,way2,cg,S-09_ch_q_inversion,9001,FAIL,0,no_result
cg_w2_seq03,way2,cg,S-09_ch_q_inversion,271828,FAIL,0,no_result
cg_w2_seq03,way2,cg,S-09_ch_q_inversion,314159,FAIL,0,no_result
cg_w2_seq03,way2,cg,S-11_ch_noise_overload,42,FAIL,0,no_result
cg_w2_seq03,way2,cg,S-11_ch_noise_overload,1337,FAIL,0,no_result
cg_w2_seq03,way2,cg,S-11_ch_noise_overload,9001,FAIL,0,no_result
cg_w2_seq03,way2,cg,S-11_ch_noise_overload,271828,FAIL,0,no_result
cg_w2_seq03,way2,cg,S-11_ch_noise_overload,314159,FAIL,0,no_result
cg_w2_seq05,way2,cg,golden,42,PASS,0,
cg_w2_seq05,way2,cg,golden,1337,PASS,0,
cg_w2_seq05,way2,cg,golden,9001,PASS,0,
cg_w2_seq05,way2,cg,golden,271828,PASS,0,
cg_w2_seq05,way2,cg,golden,314159,PASS,0,
cg_w2_seq05,way2,cg,W-01_mod_latency_plus1,42,PASS,0,
cg_w2_seq05,way2,cg,W-01_mod_latency_plus1,1337,PASS,0,
cg_w2_seq05,way2,cg,W-01_mod_latency_plus1,9001,PASS,0,
cg_w2_seq05,way2,cg,W-01_mod_latency_plus1,271828,PASS,0,
cg_w2_seq05,way2,cg,W-01_mod_latency_plus1,314159,PASS,0,
cg_w2_seq05,way2,cg,W-02_demod_latency_plus1,42,PASS,0,
cg_w2_seq05,way2,cg,W-02_demod_latency_plus1,1337,PASS,0,
cg_w2_seq05,way2,cg,W-02_demod_latency_plus1,9001,PASS,0,
cg_w2_seq05,way2,cg,W-02_demod_latency_plus1,271828,PASS,0,
cg_w2_seq05,way2,cg,W-02_demod_latency_plus1,314159,PASS,0,
cg_w2_seq05,way2,cg,W-03_mod_idle_zero,42,PASS,0,
cg_w2_seq05,way2,cg,W-03_mod_idle_zero,1337,PASS,0,
cg_w2_seq05,way2,cg,W-03_mod_idle_zero,9001,PASS,0,
cg_w2_seq05,way2,cg,W-03_mod_idle_zero,271828,PASS,0,
cg_w2_seq05,way2,cg,W-03_mod_idle_zero,314159,PASS,0,
cg_w2_seq05,way2,cg,W-04_demod_idle_zero,42,PASS,0,
cg_w2_seq05,way2,cg,W-04_demod_idle_zero,1337,PASS,0,
cg_w2_seq05,way2,cg,W-04_demod_idle_zero,9001,PASS,0,
cg_w2_seq05,way2,cg,W-04_demod_idle_zero,271828,PASS,0,
cg_w2_seq05,way2,cg,W-04_demod_idle_zero,314159,PASS,0,
cg_w2_seq05,way2,cg,W-05_mod_reset_late,42,PASS,0,
cg_w2_seq05,way2,cg,W-05_mod_reset_late,1337,PASS,0,
cg_w2_seq05,way2,cg,W-05_mod_reset_late,9001,PASS,0,
cg_w2_seq05,way2,cg,W-05_mod_reset_late,271828,PASS,0,
cg_w2_seq05,way2,cg,W-05_mod_reset_late,314159,PASS,0,
cg_w2_seq05,way2,cg,W-06_demod_reset_late,42,PASS,0,
cg_w2_seq05,way2,cg,W-06_demod_reset_late,1337,PASS,0,
cg_w2_seq05,way2,cg,W-06_demod_reset_late,9001,PASS,0,
cg_w2_seq05,way2,cg,W-06_demod_reset_late,271828,PASS,0,
cg_w2_seq05,way2,cg,W-06_demod_reset_late,314159,PASS,0,
cg_w2_seq05,way2,cg,W-07_ch_noise_doubled,42,PASS,0,
cg_w2_seq05,way2,cg,W-07_ch_noise_doubled,1337,PASS,0,
cg_w2_seq05,way2,cg,W-07_ch_noise_doubled,9001,PASS,0,
cg_w2_seq05,way2,cg,W-07_ch_noise_doubled,271828,PASS,0,
cg_w2_seq05,way2,cg,W-07_ch_noise_doubled,314159,PASS,0,
cg_w2_seq05,way2,cg,W-08_ch_rotation_doubled,42,PASS,0,
cg_w2_seq05,way2,cg,W-08_ch_rotation_doubled,1337,PASS,0,
cg_w2_seq05,way2,cg,W-08_ch_rotation_doubled,9001,PASS,0,
cg_w2_seq05,way2,cg,W-08_ch_rotation_doubled,271828,PASS,0,
cg_w2_seq05,way2,cg,W-08_ch_rotation_doubled,314159,PASS,0,
cg_w2_seq05,way2,cg,W-09_ch_latency_plus1,42,PASS,0,
cg_w2_seq05,way2,cg,W-09_ch_latency_plus1,1337,PASS,0,
cg_w2_seq05,way2,cg,W-09_ch_latency_plus1,9001,PASS,0,
cg_w2_seq05,way2,cg,W-09_ch_latency_plus1,271828,PASS,0,
cg_w2_seq05,way2,cg,W-09_ch_latency_plus1,314159,PASS,0,
cg_w2_seq05,way2,cg,W-10_ch_idle_zero,42,PASS,0,
cg_w2_seq05,way2,cg,W-10_ch_idle_zero,1337,PASS,0,
cg_w2_seq05,way2,cg,W-10_ch_idle_zero,9001,PASS,0,
cg_w2_seq05,way2,cg,W-10_ch_idle_zero,271828,PASS,0,
cg_w2_seq05,way2,cg,W-10_ch_idle_zero,314159,PASS,0,
cg_w2_seq05,way2,cg,S-01_const_sym10_i,42,FAIL,10,result_fail
cg_w2_seq05,way2,cg,S-01_const_sym10_i,1337,FAIL,10,result_fail
cg_w2_seq05,way2,cg,S-01_const_sym10_i,9001,FAIL,10,result_fail
cg_w2_seq05,way2,cg,S-01_const_sym10_i,271828,FAIL,10,result_fail
cg_w2_seq05,way2,cg,S-01_const_sym10_i,314159,FAIL,10,result_fail
cg_w2_seq05,way2,cg,S-02_const_sym01_q,42,FAIL,10,result_fail
cg_w2_seq05,way2,cg,S-02_const_sym01_q,1337,FAIL,10,result_fail
cg_w2_seq05,way2,cg,S-02_const_sym01_q,9001,FAIL,10,result_fail
cg_w2_seq05,way2,cg,S-02_const_sym01_q,271828,FAIL,10,result_fail
cg_w2_seq05,way2,cg,S-02_const_sym01_q,314159,FAIL,10,result_fail
cg_w2_seq05,way2,cg,S-03_slice_invert_i,42,FAIL,40,result_fail
cg_w2_seq05,way2,cg,S-03_slice_invert_i,1337,FAIL,40,result_fail
cg_w2_seq05,way2,cg,S-03_slice_invert_i,9001,FAIL,40,result_fail
cg_w2_seq05,way2,cg,S-03_slice_invert_i,271828,FAIL,40,result_fail
cg_w2_seq05,way2,cg,S-03_slice_invert_i,314159,FAIL,40,result_fail
cg_w2_seq05,way2,cg,S-05_mod_valid_gate,42,FAIL,36,result_fail
cg_w2_seq05,way2,cg,S-05_mod_valid_gate,1337,FAIL,36,result_fail
cg_w2_seq05,way2,cg,S-05_mod_valid_gate,9001,FAIL,36,result_fail
cg_w2_seq05,way2,cg,S-05_mod_valid_gate,271828,FAIL,36,result_fail
cg_w2_seq05,way2,cg,S-05_mod_valid_gate,314159,FAIL,36,result_fail
cg_w2_seq05,way2,cg,S-09_ch_q_inversion,42,FAIL,40,result_fail
cg_w2_seq05,way2,cg,S-09_ch_q_inversion,1337,FAIL,40,result_fail
cg_w2_seq05,way2,cg,S-09_ch_q_inversion,9001,FAIL,40,result_fail
cg_w2_seq05,way2,cg,S-09_ch_q_inversion,271828,FAIL,40,result_fail
cg_w2_seq05,way2,cg,S-09_ch_q_inversion,314159,FAIL,40,result_fail
cg_w2_seq05,way2,cg,S-11_ch_noise_overload,42,FAIL,26,result_fail
cg_w2_seq05,way2,cg,S-11_ch_noise_overload,1337,FAIL,24,result_fail
cg_w2_seq05,way2,cg,S-11_ch_noise_overload,9001,FAIL,26,result_fail
cg_w2_seq05,way2,cg,S-11_ch_noise_overload,271828,FAIL,26,result_fail
cg_w2_seq05,way2,cg,S-11_ch_noise_overload,314159,FAIL,25,result_fail
cg_w2_sb01,way2,cg,golden,42,PASS,0,
cg_w2_sb01,way2,cg,golden,1337,PASS,0,
cg_w2_sb01,way2,cg,golden,9001,PASS,0,
cg_w2_sb01,way2,cg,golden,271828,PASS,0,
cg_w2_sb01,way2,cg,golden,314159,PASS,0,
cg_w2_sb01,way2,cg,W-01_mod_latency_plus1,42,PASS,0,
cg_w2_sb01,way2,cg,W-01_mod_latency_plus1,1337,PASS,0,
cg_w2_sb01,way2,cg,W-01_mod_latency_plus1,9001,PASS,0,
cg_w2_sb01,way2,cg,W-01_mod_latency_plus1,271828,PASS,0,
cg_w2_sb01,way2,cg,W-01_mod_latency_plus1,314159,PASS,0,
cg_w2_sb01,way2,cg,W-02_demod_latency_plus1,42,PASS,0,
cg_w2_sb01,way2,cg,W-02_demod_latency_plus1,1337,PASS,0,
cg_w2_sb01,way2,cg,W-02_demod_latency_plus1,9001,PASS,0,
cg_w2_sb01,way2,cg,W-02_demod_latency_plus1,271828,PASS,0,
cg_w2_sb01,way2,cg,W-02_demod_latency_plus1,314159,PASS,0,
cg_w2_sb01,way2,cg,W-03_mod_idle_zero,42,PASS,0,
cg_w2_sb01,way2,cg,W-03_mod_idle_zero,1337,PASS,0,
cg_w2_sb01,way2,cg,W-03_mod_idle_zero,9001,PASS,0,
cg_w2_sb01,way2,cg,W-03_mod_idle_zero,271828,PASS,0,
cg_w2_sb01,way2,cg,W-03_mod_idle_zero,314159,PASS,0,
cg_w2_sb01,way2,cg,W-04_demod_idle_zero,42,PASS,0,
cg_w2_sb01,way2,cg,W-04_demod_idle_zero,1337,PASS,0,
cg_w2_sb01,way2,cg,W-04_demod_idle_zero,9001,PASS,0,
cg_w2_sb01,way2,cg,W-04_demod_idle_zero,271828,PASS,0,
cg_w2_sb01,way2,cg,W-04_demod_idle_zero,314159,PASS,0,
cg_w2_sb01,way2,cg,W-05_mod_reset_late,42,PASS,0,
cg_w2_sb01,way2,cg,W-05_mod_reset_late,1337,PASS,0,
cg_w2_sb01,way2,cg,W-05_mod_reset_late,9001,PASS,0,
cg_w2_sb01,way2,cg,W-05_mod_reset_late,271828,PASS,0,
cg_w2_sb01,way2,cg,W-05_mod_reset_late,314159,PASS,0,
cg_w2_sb01,way2,cg,W-06_demod_reset_late,42,PASS,0,
cg_w2_sb01,way2,cg,W-06_demod_reset_late,1337,PASS,0,
cg_w2_sb01,way2,cg,W-06_demod_reset_late,9001,PASS,0,
cg_w2_sb01,way2,cg,W-06_demod_reset_late,271828,PASS,0,
cg_w2_sb01,way2,cg,W-06_demod_reset_late,314159,PASS,0,
cg_w2_sb01,way2,cg,W-07_ch_noise_doubled,42,PASS,0,
cg_w2_sb01,way2,cg,W-07_ch_noise_doubled,1337,PASS,0,
cg_w2_sb01,way2,cg,W-07_ch_noise_doubled,9001,PASS,0,
cg_w2_sb01,way2,cg,W-07_ch_noise_doubled,271828,PASS,0,
cg_w2_sb01,way2,cg,W-07_ch_noise_doubled,314159,PASS,0,
cg_w2_sb01,way2,cg,W-08_ch_rotation_doubled,42,PASS,0,
cg_w2_sb01,way2,cg,W-08_ch_rotation_doubled,1337,PASS,0,
cg_w2_sb01,way2,cg,W-08_ch_rotation_doubled,9001,PASS,0,
cg_w2_sb01,way2,cg,W-08_ch_rotation_doubled,271828,PASS,0,
cg_w2_sb01,way2,cg,W-08_ch_rotation_doubled,314159,PASS,0,
cg_w2_sb01,way2,cg,W-09_ch_latency_plus1,42,PASS,0,
cg_w2_sb01,way2,cg,W-09_ch_latency_plus1,1337,PASS,0,
cg_w2_sb01,way2,cg,W-09_ch_latency_plus1,9001,PASS,0,
cg_w2_sb01,way2,cg,W-09_ch_latency_plus1,271828,PASS,0,
cg_w2_sb01,way2,cg,W-09_ch_latency_plus1,314159,PASS,0,
cg_w2_sb01,way2,cg,W-10_ch_idle_zero,42,PASS,0,
cg_w2_sb01,way2,cg,W-10_ch_idle_zero,1337,PASS,0,
cg_w2_sb01,way2,cg,W-10_ch_idle_zero,9001,PASS,0,
cg_w2_sb01,way2,cg,W-10_ch_idle_zero,271828,PASS,0,
cg_w2_sb01,way2,cg,W-10_ch_idle_zero,314159,PASS,0,
cg_w2_sb01,way2,cg,S-01_const_sym10_i,42,FAIL,10,result_fail
cg_w2_sb01,way2,cg,S-01_const_sym10_i,1337,FAIL,10,result_fail
cg_w2_sb01,way2,cg,S-01_const_sym10_i,9001,FAIL,10,result_fail
cg_w2_sb01,way2,cg,S-01_const_sym10_i,271828,FAIL,10,result_fail
cg_w2_sb01,way2,cg,S-01_const_sym10_i,314159,FAIL,10,result_fail
cg_w2_sb01,way2,cg,S-02_const_sym01_q,42,FAIL,10,result_fail
cg_w2_sb01,way2,cg,S-02_const_sym01_q,1337,FAIL,10,result_fail
cg_w2_sb01,way2,cg,S-02_const_sym01_q,9001,FAIL,10,result_fail
cg_w2_sb01,way2,cg,S-02_const_sym01_q,271828,FAIL,10,result_fail
cg_w2_sb01,way2,cg,S-02_const_sym01_q,314159,FAIL,10,result_fail
cg_w2_sb01,way2,cg,S-03_slice_invert_i,42,FAIL,40,result_fail
cg_w2_sb01,way2,cg,S-03_slice_invert_i,1337,FAIL,40,result_fail
cg_w2_sb01,way2,cg,S-03_slice_invert_i,9001,FAIL,40,result_fail
cg_w2_sb01,way2,cg,S-03_slice_invert_i,271828,FAIL,40,result_fail
cg_w2_sb01,way2,cg,S-03_slice_invert_i,314159,FAIL,40,result_fail
cg_w2_sb01,way2,cg,S-05_mod_valid_gate,42,FAIL,36,result_fail
cg_w2_sb01,way2,cg,S-05_mod_valid_gate,1337,FAIL,36,result_fail
cg_w2_sb01,way2,cg,S-05_mod_valid_gate,9001,FAIL,36,result_fail
cg_w2_sb01,way2,cg,S-05_mod_valid_gate,271828,FAIL,36,result_fail
cg_w2_sb01,way2,cg,S-05_mod_valid_gate,314159,FAIL,36,result_fail
cg_w2_sb01,way2,cg,S-09_ch_q_inversion,42,FAIL,40,result_fail
cg_w2_sb01,way2,cg,S-09_ch_q_inversion,1337,FAIL,40,result_fail
cg_w2_sb01,way2,cg,S-09_ch_q_inversion,9001,FAIL,40,result_fail
cg_w2_sb01,way2,cg,S-09_ch_q_inversion,271828,FAIL,40,result_fail
cg_w2_sb01,way2,cg,S-09_ch_q_inversion,314159,FAIL,40,result_fail
cg_w2_sb01,way2,cg,S-11_ch_noise_overload,42,FAIL,29,result_fail
cg_w2_sb01,way2,cg,S-11_ch_noise_overload,1337,FAIL,21,result_fail
cg_w2_sb01,way2,cg,S-11_ch_noise_overload,9001,FAIL,26,result_fail
cg_w2_sb01,way2,cg,S-11_ch_noise_overload,271828,FAIL,27,result_fail
cg_w2_sb01,way2,cg,S-11_ch_noise_overload,314159,FAIL,29,result_fail
cg_w2_sb02,way2,cg,golden,42,PASS,0,
cg_w2_sb02,way2,cg,golden,1337,PASS,0,
cg_w2_sb02,way2,cg,golden,9001,PASS,0,
cg_w2_sb02,way2,cg,golden,271828,PASS,0,
cg_w2_sb02,way2,cg,golden,314159,PASS,0,
cg_w2_sb02,way2,cg,W-01_mod_latency_plus1,42,PASS,0,
cg_w2_sb02,way2,cg,W-01_mod_latency_plus1,1337,PASS,0,
cg_w2_sb02,way2,cg,W-01_mod_latency_plus1,9001,PASS,0,
cg_w2_sb02,way2,cg,W-01_mod_latency_plus1,271828,PASS,0,
cg_w2_sb02,way2,cg,W-01_mod_latency_plus1,314159,PASS,0,
cg_w2_sb02,way2,cg,W-02_demod_latency_plus1,42,PASS,0,
cg_w2_sb02,way2,cg,W-02_demod_latency_plus1,1337,PASS,0,
cg_w2_sb02,way2,cg,W-02_demod_latency_plus1,9001,PASS,0,
cg_w2_sb02,way2,cg,W-02_demod_latency_plus1,271828,PASS,0,
cg_w2_sb02,way2,cg,W-02_demod_latency_plus1,314159,PASS,0,
cg_w2_sb02,way2,cg,W-03_mod_idle_zero,42,PASS,0,
cg_w2_sb02,way2,cg,W-03_mod_idle_zero,1337,PASS,0,
cg_w2_sb02,way2,cg,W-03_mod_idle_zero,9001,PASS,0,
cg_w2_sb02,way2,cg,W-03_mod_idle_zero,271828,PASS,0,
cg_w2_sb02,way2,cg,W-03_mod_idle_zero,314159,PASS,0,
cg_w2_sb02,way2,cg,W-04_demod_idle_zero,42,PASS,0,
cg_w2_sb02,way2,cg,W-04_demod_idle_zero,1337,PASS,0,
cg_w2_sb02,way2,cg,W-04_demod_idle_zero,9001,PASS,0,
cg_w2_sb02,way2,cg,W-04_demod_idle_zero,271828,PASS,0,
cg_w2_sb02,way2,cg,W-04_demod_idle_zero,314159,PASS,0,
cg_w2_sb02,way2,cg,W-05_mod_reset_late,42,PASS,0,
cg_w2_sb02,way2,cg,W-05_mod_reset_late,1337,PASS,0,
cg_w2_sb02,way2,cg,W-05_mod_reset_late,9001,PASS,0,
cg_w2_sb02,way2,cg,W-05_mod_reset_late,271828,PASS,0,
cg_w2_sb02,way2,cg,W-05_mod_reset_late,314159,PASS,0,
cg_w2_sb02,way2,cg,W-06_demod_reset_late,42,PASS,0,
cg_w2_sb02,way2,cg,W-06_demod_reset_late,1337,PASS,0,
cg_w2_sb02,way2,cg,W-06_demod_reset_late,9001,PASS,0,
cg_w2_sb02,way2,cg,W-06_demod_reset_late,271828,PASS,0,
cg_w2_sb02,way2,cg,W-06_demod_reset_late,314159,PASS,0,
cg_w2_sb02,way2,cg,W-07_ch_noise_doubled,42,PASS,0,
cg_w2_sb02,way2,cg,W-07_ch_noise_doubled,1337,PASS,0,
cg_w2_sb02,way2,cg,W-07_ch_noise_doubled,9001,PASS,0,
cg_w2_sb02,way2,cg,W-07_ch_noise_doubled,271828,PASS,0,
cg_w2_sb02,way2,cg,W-07_ch_noise_doubled,314159,PASS,0,
cg_w2_sb02,way2,cg,W-08_ch_rotation_doubled,42,PASS,0,
cg_w2_sb02,way2,cg,W-08_ch_rotation_doubled,1337,PASS,0,
cg_w2_sb02,way2,cg,W-08_ch_rotation_doubled,9001,PASS,0,
cg_w2_sb02,way2,cg,W-08_ch_rotation_doubled,271828,PASS,0,
cg_w2_sb02,way2,cg,W-08_ch_rotation_doubled,314159,PASS,0,
cg_w2_sb02,way2,cg,W-09_ch_latency_plus1,42,PASS,0,
cg_w2_sb02,way2,cg,W-09_ch_latency_plus1,1337,PASS,0,
cg_w2_sb02,way2,cg,W-09_ch_latency_plus1,9001,PASS,0,
cg_w2_sb02,way2,cg,W-09_ch_latency_plus1,271828,PASS,0,
cg_w2_sb02,way2,cg,W-09_ch_latency_plus1,314159,PASS,0,
cg_w2_sb02,way2,cg,W-10_ch_idle_zero,42,PASS,0,
cg_w2_sb02,way2,cg,W-10_ch_idle_zero,1337,PASS,0,
cg_w2_sb02,way2,cg,W-10_ch_idle_zero,9001,PASS,0,
cg_w2_sb02,way2,cg,W-10_ch_idle_zero,271828,PASS,0,
cg_w2_sb02,way2,cg,W-10_ch_idle_zero,314159,PASS,0,
cg_w2_sb02,way2,cg,S-01_const_sym10_i,42,FAIL,10,result_fail
cg_w2_sb02,way2,cg,S-01_const_sym10_i,1337,FAIL,10,result_fail
cg_w2_sb02,way2,cg,S-01_const_sym10_i,9001,FAIL,10,result_fail
cg_w2_sb02,way2,cg,S-01_const_sym10_i,271828,FAIL,10,result_fail
cg_w2_sb02,way2,cg,S-01_const_sym10_i,314159,FAIL,10,result_fail
cg_w2_sb02,way2,cg,S-02_const_sym01_q,42,FAIL,10,result_fail
cg_w2_sb02,way2,cg,S-02_const_sym01_q,1337,FAIL,10,result_fail
cg_w2_sb02,way2,cg,S-02_const_sym01_q,9001,FAIL,10,result_fail
cg_w2_sb02,way2,cg,S-02_const_sym01_q,271828,FAIL,10,result_fail
cg_w2_sb02,way2,cg,S-02_const_sym01_q,314159,FAIL,10,result_fail
cg_w2_sb02,way2,cg,S-03_slice_invert_i,42,FAIL,40,result_fail
cg_w2_sb02,way2,cg,S-03_slice_invert_i,1337,FAIL,40,result_fail
cg_w2_sb02,way2,cg,S-03_slice_invert_i,9001,FAIL,40,result_fail
cg_w2_sb02,way2,cg,S-03_slice_invert_i,271828,FAIL,40,result_fail
cg_w2_sb02,way2,cg,S-03_slice_invert_i,314159,FAIL,40,result_fail
cg_w2_sb02,way2,cg,S-05_mod_valid_gate,42,FAIL,36,result_fail
cg_w2_sb02,way2,cg,S-05_mod_valid_gate,1337,FAIL,36,result_fail
cg_w2_sb02,way2,cg,S-05_mod_valid_gate,9001,FAIL,36,result_fail
cg_w2_sb02,way2,cg,S-05_mod_valid_gate,271828,FAIL,36,result_fail
cg_w2_sb02,way2,cg,S-05_mod_valid_gate,314159,FAIL,36,result_fail
cg_w2_sb02,way2,cg,S-09_ch_q_inversion,42,FAIL,40,result_fail
cg_w2_sb02,way2,cg,S-09_ch_q_inversion,1337,FAIL,40,result_fail
cg_w2_sb02,way2,cg,S-09_ch_q_inversion,9001,FAIL,40,result_fail
cg_w2_sb02,way2,cg,S-09_ch_q_inversion,271828,FAIL,40,result_fail
cg_w2_sb02,way2,cg,S-09_ch_q_inversion,314159,FAIL,40,result_fail
cg_w2_sb02,way2,cg,S-11_ch_noise_overload,42,FAIL,29,result_fail
cg_w2_sb02,way2,cg,S-11_ch_noise_overload,1337,FAIL,21,result_fail
cg_w2_sb02,way2,cg,S-11_ch_noise_overload,9001,FAIL,26,result_fail
cg_w2_sb02,way2,cg,S-11_ch_noise_overload,271828,FAIL,27,result_fail
cg_w2_sb02,way2,cg,S-11_ch_noise_overload,314159,FAIL,29,result_fail
cg_w2_sb03,way2,cg,golden,42,PASS,0,
cg_w2_sb03,way2,cg,golden,1337,PASS,0,
cg_w2_sb03,way2,cg,golden,9001,PASS,0,
cg_w2_sb03,way2,cg,golden,271828,PASS,0,
cg_w2_sb03,way2,cg,golden,314159,PASS,0,
cg_w2_sb03,way2,cg,W-01_mod_latency_plus1,42,PASS,0,
cg_w2_sb03,way2,cg,W-01_mod_latency_plus1,1337,PASS,0,
cg_w2_sb03,way2,cg,W-01_mod_latency_plus1,9001,PASS,0,
cg_w2_sb03,way2,cg,W-01_mod_latency_plus1,271828,PASS,0,
cg_w2_sb03,way2,cg,W-01_mod_latency_plus1,314159,PASS,0,
cg_w2_sb03,way2,cg,W-02_demod_latency_plus1,42,PASS,0,
cg_w2_sb03,way2,cg,W-02_demod_latency_plus1,1337,PASS,0,
cg_w2_sb03,way2,cg,W-02_demod_latency_plus1,9001,PASS,0,
cg_w2_sb03,way2,cg,W-02_demod_latency_plus1,271828,PASS,0,
cg_w2_sb03,way2,cg,W-02_demod_latency_plus1,314159,PASS,0,
cg_w2_sb03,way2,cg,W-03_mod_idle_zero,42,PASS,0,
cg_w2_sb03,way2,cg,W-03_mod_idle_zero,1337,PASS,0,
cg_w2_sb03,way2,cg,W-03_mod_idle_zero,9001,PASS,0,
cg_w2_sb03,way2,cg,W-03_mod_idle_zero,271828,PASS,0,
cg_w2_sb03,way2,cg,W-03_mod_idle_zero,314159,PASS,0,
cg_w2_sb03,way2,cg,W-04_demod_idle_zero,42,PASS,0,
cg_w2_sb03,way2,cg,W-04_demod_idle_zero,1337,PASS,0,
cg_w2_sb03,way2,cg,W-04_demod_idle_zero,9001,PASS,0,
cg_w2_sb03,way2,cg,W-04_demod_idle_zero,271828,PASS,0,
cg_w2_sb03,way2,cg,W-04_demod_idle_zero,314159,PASS,0,
cg_w2_sb03,way2,cg,W-05_mod_reset_late,42,PASS,0,
cg_w2_sb03,way2,cg,W-05_mod_reset_late,1337,PASS,0,
cg_w2_sb03,way2,cg,W-05_mod_reset_late,9001,PASS,0,
cg_w2_sb03,way2,cg,W-05_mod_reset_late,271828,PASS,0,
cg_w2_sb03,way2,cg,W-05_mod_reset_late,314159,PASS,0,
cg_w2_sb03,way2,cg,W-06_demod_reset_late,42,PASS,0,
cg_w2_sb03,way2,cg,W-06_demod_reset_late,1337,PASS,0,
cg_w2_sb03,way2,cg,W-06_demod_reset_late,9001,PASS,0,
cg_w2_sb03,way2,cg,W-06_demod_reset_late,271828,PASS,0,
cg_w2_sb03,way2,cg,W-06_demod_reset_late,314159,PASS,0,
cg_w2_sb03,way2,cg,W-07_ch_noise_doubled,42,PASS,0,
cg_w2_sb03,way2,cg,W-07_ch_noise_doubled,1337,PASS,0,
cg_w2_sb03,way2,cg,W-07_ch_noise_doubled,9001,PASS,0,
cg_w2_sb03,way2,cg,W-07_ch_noise_doubled,271828,PASS,0,
cg_w2_sb03,way2,cg,W-07_ch_noise_doubled,314159,PASS,0,
cg_w2_sb03,way2,cg,W-08_ch_rotation_doubled,42,PASS,0,
cg_w2_sb03,way2,cg,W-08_ch_rotation_doubled,1337,PASS,0,
cg_w2_sb03,way2,cg,W-08_ch_rotation_doubled,9001,PASS,0,
cg_w2_sb03,way2,cg,W-08_ch_rotation_doubled,271828,PASS,0,
cg_w2_sb03,way2,cg,W-08_ch_rotation_doubled,314159,PASS,0,
cg_w2_sb03,way2,cg,W-09_ch_latency_plus1,42,PASS,0,
cg_w2_sb03,way2,cg,W-09_ch_latency_plus1,1337,PASS,0,
cg_w2_sb03,way2,cg,W-09_ch_latency_plus1,9001,PASS,0,
cg_w2_sb03,way2,cg,W-09_ch_latency_plus1,271828,PASS,0,
cg_w2_sb03,way2,cg,W-09_ch_latency_plus1,314159,PASS,0,
cg_w2_sb03,way2,cg,W-10_ch_idle_zero,42,PASS,0,
cg_w2_sb03,way2,cg,W-10_ch_idle_zero,1337,PASS,0,
cg_w2_sb03,way2,cg,W-10_ch_idle_zero,9001,PASS,0,
cg_w2_sb03,way2,cg,W-10_ch_idle_zero,271828,PASS,0,
cg_w2_sb03,way2,cg,W-10_ch_idle_zero,314159,PASS,0,
cg_w2_sb03,way2,cg,S-01_const_sym10_i,42,FAIL,10,result_fail
cg_w2_sb03,way2,cg,S-01_const_sym10_i,1337,FAIL,10,result_fail
cg_w2_sb03,way2,cg,S-01_const_sym10_i,9001,FAIL,10,result_fail
cg_w2_sb03,way2,cg,S-01_const_sym10_i,271828,FAIL,10,result_fail
cg_w2_sb03,way2,cg,S-01_const_sym10_i,314159,FAIL,10,result_fail
cg_w2_sb03,way2,cg,S-02_const_sym01_q,42,FAIL,10,result_fail
cg_w2_sb03,way2,cg,S-02_const_sym01_q,1337,FAIL,10,result_fail
cg_w2_sb03,way2,cg,S-02_const_sym01_q,9001,FAIL,10,result_fail
cg_w2_sb03,way2,cg,S-02_const_sym01_q,271828,FAIL,10,result_fail
cg_w2_sb03,way2,cg,S-02_const_sym01_q,314159,FAIL,10,result_fail
cg_w2_sb03,way2,cg,S-03_slice_invert_i,42,FAIL,40,result_fail
cg_w2_sb03,way2,cg,S-03_slice_invert_i,1337,FAIL,40,result_fail
cg_w2_sb03,way2,cg,S-03_slice_invert_i,9001,FAIL,40,result_fail
cg_w2_sb03,way2,cg,S-03_slice_invert_i,271828,FAIL,40,result_fail
cg_w2_sb03,way2,cg,S-03_slice_invert_i,314159,FAIL,40,result_fail
cg_w2_sb03,way2,cg,S-05_mod_valid_gate,42,FAIL,36,result_fail
cg_w2_sb03,way2,cg,S-05_mod_valid_gate,1337,FAIL,36,result_fail
cg_w2_sb03,way2,cg,S-05_mod_valid_gate,9001,FAIL,36,result_fail
cg_w2_sb03,way2,cg,S-05_mod_valid_gate,271828,FAIL,36,result_fail
cg_w2_sb03,way2,cg,S-05_mod_valid_gate,314159,FAIL,36,result_fail
cg_w2_sb03,way2,cg,S-09_ch_q_inversion,42,FAIL,40,result_fail
cg_w2_sb03,way2,cg,S-09_ch_q_inversion,1337,FAIL,40,result_fail
cg_w2_sb03,way2,cg,S-09_ch_q_inversion,9001,FAIL,40,result_fail
cg_w2_sb03,way2,cg,S-09_ch_q_inversion,271828,FAIL,40,result_fail
cg_w2_sb03,way2,cg,S-09_ch_q_inversion,314159,FAIL,40,result_fail
cg_w2_sb03,way2,cg,S-11_ch_noise_overload,42,FAIL,29,result_fail
cg_w2_sb03,way2,cg,S-11_ch_noise_overload,1337,FAIL,21,result_fail
cg_w2_sb03,way2,cg,S-11_ch_noise_overload,9001,FAIL,26,result_fail
cg_w2_sb03,way2,cg,S-11_ch_noise_overload,271828,FAIL,27,result_fail
cg_w2_sb03,way2,cg,S-11_ch_noise_overload,314159,FAIL,29,result_fail
cg_w2_sb05,way2,cg,golden,42,PASS,0,
cg_w2_sb05,way2,cg,golden,1337,PASS,0,
cg_w2_sb05,way2,cg,golden,9001,PASS,0,
cg_w2_sb05,way2,cg,golden,271828,PASS,0,
cg_w2_sb05,way2,cg,golden,314159,PASS,0,
cg_w2_sb05,way2,cg,W-01_mod_latency_plus1,42,PASS,0,
cg_w2_sb05,way2,cg,W-01_mod_latency_plus1,1337,PASS,0,
cg_w2_sb05,way2,cg,W-01_mod_latency_plus1,9001,PASS,0,
cg_w2_sb05,way2,cg,W-01_mod_latency_plus1,271828,PASS,0,
cg_w2_sb05,way2,cg,W-01_mod_latency_plus1,314159,PASS,0,
cg_w2_sb05,way2,cg,W-02_demod_latency_plus1,42,PASS,0,
cg_w2_sb05,way2,cg,W-02_demod_latency_plus1,1337,PASS,0,
cg_w2_sb05,way2,cg,W-02_demod_latency_plus1,9001,PASS,0,
cg_w2_sb05,way2,cg,W-02_demod_latency_plus1,271828,PASS,0,
cg_w2_sb05,way2,cg,W-02_demod_latency_plus1,314159,PASS,0,
cg_w2_sb05,way2,cg,W-03_mod_idle_zero,42,PASS,0,
cg_w2_sb05,way2,cg,W-03_mod_idle_zero,1337,PASS,0,
cg_w2_sb05,way2,cg,W-03_mod_idle_zero,9001,PASS,0,
cg_w2_sb05,way2,cg,W-03_mod_idle_zero,271828,PASS,0,
cg_w2_sb05,way2,cg,W-03_mod_idle_zero,314159,PASS,0,
cg_w2_sb05,way2,cg,W-04_demod_idle_zero,42,PASS,0,
cg_w2_sb05,way2,cg,W-04_demod_idle_zero,1337,PASS,0,
cg_w2_sb05,way2,cg,W-04_demod_idle_zero,9001,PASS,0,
cg_w2_sb05,way2,cg,W-04_demod_idle_zero,271828,PASS,0,
cg_w2_sb05,way2,cg,W-04_demod_idle_zero,314159,PASS,0,
cg_w2_sb05,way2,cg,W-05_mod_reset_late,42,PASS,0,
cg_w2_sb05,way2,cg,W-05_mod_reset_late,1337,PASS,0,
cg_w2_sb05,way2,cg,W-05_mod_reset_late,9001,PASS,0,
cg_w2_sb05,way2,cg,W-05_mod_reset_late,271828,PASS,0,
cg_w2_sb05,way2,cg,W-05_mod_reset_late,314159,PASS,0,
cg_w2_sb05,way2,cg,W-06_demod_reset_late,42,PASS,0,
cg_w2_sb05,way2,cg,W-06_demod_reset_late,1337,PASS,0,
cg_w2_sb05,way2,cg,W-06_demod_reset_late,9001,PASS,0,
cg_w2_sb05,way2,cg,W-06_demod_reset_late,271828,PASS,0,
cg_w2_sb05,way2,cg,W-06_demod_reset_late,314159,PASS,0,
cg_w2_sb05,way2,cg,W-07_ch_noise_doubled,42,PASS,0,
cg_w2_sb05,way2,cg,W-07_ch_noise_doubled,1337,PASS,0,
cg_w2_sb05,way2,cg,W-07_ch_noise_doubled,9001,PASS,0,
cg_w2_sb05,way2,cg,W-07_ch_noise_doubled,271828,PASS,0,
cg_w2_sb05,way2,cg,W-07_ch_noise_doubled,314159,PASS,0,
cg_w2_sb05,way2,cg,W-08_ch_rotation_doubled,42,PASS,0,
cg_w2_sb05,way2,cg,W-08_ch_rotation_doubled,1337,PASS,0,
cg_w2_sb05,way2,cg,W-08_ch_rotation_doubled,9001,PASS,0,
cg_w2_sb05,way2,cg,W-08_ch_rotation_doubled,271828,PASS,0,
cg_w2_sb05,way2,cg,W-08_ch_rotation_doubled,314159,PASS,0,
cg_w2_sb05,way2,cg,W-09_ch_latency_plus1,42,PASS,0,
cg_w2_sb05,way2,cg,W-09_ch_latency_plus1,1337,PASS,0,
cg_w2_sb05,way2,cg,W-09_ch_latency_plus1,9001,PASS,0,
cg_w2_sb05,way2,cg,W-09_ch_latency_plus1,271828,PASS,0,
cg_w2_sb05,way2,cg,W-09_ch_latency_plus1,314159,PASS,0,
cg_w2_sb05,way2,cg,W-10_ch_idle_zero,42,PASS,0,
cg_w2_sb05,way2,cg,W-10_ch_idle_zero,1337,PASS,0,
cg_w2_sb05,way2,cg,W-10_ch_idle_zero,9001,PASS,0,
cg_w2_sb05,way2,cg,W-10_ch_idle_zero,271828,PASS,0,
cg_w2_sb05,way2,cg,W-10_ch_idle_zero,314159,PASS,0,
cg_w2_sb05,way2,cg,S-01_const_sym10_i,42,FAIL,10,result_fail
cg_w2_sb05,way2,cg,S-01_const_sym10_i,1337,FAIL,10,result_fail
cg_w2_sb05,way2,cg,S-01_const_sym10_i,9001,FAIL,10,result_fail
cg_w2_sb05,way2,cg,S-01_const_sym10_i,271828,FAIL,10,result_fail
cg_w2_sb05,way2,cg,S-01_const_sym10_i,314159,FAIL,10,result_fail
cg_w2_sb05,way2,cg,S-02_const_sym01_q,42,FAIL,10,result_fail
cg_w2_sb05,way2,cg,S-02_const_sym01_q,1337,FAIL,10,result_fail
cg_w2_sb05,way2,cg,S-02_const_sym01_q,9001,FAIL,10,result_fail
cg_w2_sb05,way2,cg,S-02_const_sym01_q,271828,FAIL,10,result_fail
cg_w2_sb05,way2,cg,S-02_const_sym01_q,314159,FAIL,10,result_fail
cg_w2_sb05,way2,cg,S-03_slice_invert_i,42,FAIL,40,result_fail
cg_w2_sb05,way2,cg,S-03_slice_invert_i,1337,FAIL,40,result_fail
cg_w2_sb05,way2,cg,S-03_slice_invert_i,9001,FAIL,40,result_fail
cg_w2_sb05,way2,cg,S-03_slice_invert_i,271828,FAIL,40,result_fail
cg_w2_sb05,way2,cg,S-03_slice_invert_i,314159,FAIL,40,result_fail
cg_w2_sb05,way2,cg,S-05_mod_valid_gate,42,FAIL,36,result_fail
cg_w2_sb05,way2,cg,S-05_mod_valid_gate,1337,FAIL,36,result_fail
cg_w2_sb05,way2,cg,S-05_mod_valid_gate,9001,FAIL,36,result_fail
cg_w2_sb05,way2,cg,S-05_mod_valid_gate,271828,FAIL,36,result_fail
cg_w2_sb05,way2,cg,S-05_mod_valid_gate,314159,FAIL,36,result_fail
cg_w2_sb05,way2,cg,S-09_ch_q_inversion,42,FAIL,40,result_fail
cg_w2_sb05,way2,cg,S-09_ch_q_inversion,1337,FAIL,40,result_fail
cg_w2_sb05,way2,cg,S-09_ch_q_inversion,9001,FAIL,40,result_fail
cg_w2_sb05,way2,cg,S-09_ch_q_inversion,271828,FAIL,40,result_fail
cg_w2_sb05,way2,cg,S-09_ch_q_inversion,314159,FAIL,40,result_fail
cg_w2_sb05,way2,cg,S-11_ch_noise_overload,42,FAIL,29,result_fail
cg_w2_sb05,way2,cg,S-11_ch_noise_overload,1337,FAIL,21,result_fail
cg_w2_sb05,way2,cg,S-11_ch_noise_overload,9001,FAIL,26,result_fail
cg_w2_sb05,way2,cg,S-11_ch_noise_overload,271828,FAIL,27,result_fail
cg_w2_sb05,way2,cg,S-11_ch_noise_overload,314159,FAIL,29,result_fail
gm_w2_drv01,way2,gm,golden,42,PASS,0,
gm_w2_drv01,way2,gm,golden,1337,PASS,0,
gm_w2_drv01,way2,gm,golden,9001,PASS,0,
gm_w2_drv01,way2,gm,golden,271828,PASS,0,
gm_w2_drv01,way2,gm,golden,314159,PASS,0,
gm_w2_drv01,way2,gm,W-01_mod_latency_plus1,42,PASS,0,
gm_w2_drv01,way2,gm,W-01_mod_latency_plus1,1337,PASS,0,
gm_w2_drv01,way2,gm,W-01_mod_latency_plus1,9001,PASS,0,
gm_w2_drv01,way2,gm,W-01_mod_latency_plus1,271828,PASS,0,
gm_w2_drv01,way2,gm,W-01_mod_latency_plus1,314159,PASS,0,
gm_w2_drv01,way2,gm,W-02_demod_latency_plus1,42,PASS,0,
gm_w2_drv01,way2,gm,W-02_demod_latency_plus1,1337,PASS,0,
gm_w2_drv01,way2,gm,W-02_demod_latency_plus1,9001,PASS,0,
gm_w2_drv01,way2,gm,W-02_demod_latency_plus1,271828,PASS,0,
gm_w2_drv01,way2,gm,W-02_demod_latency_plus1,314159,PASS,0,
gm_w2_drv01,way2,gm,W-03_mod_idle_zero,42,PASS,0,
gm_w2_drv01,way2,gm,W-03_mod_idle_zero,1337,PASS,0,
gm_w2_drv01,way2,gm,W-03_mod_idle_zero,9001,PASS,0,
gm_w2_drv01,way2,gm,W-03_mod_idle_zero,271828,PASS,0,
gm_w2_drv01,way2,gm,W-03_mod_idle_zero,314159,PASS,0,
gm_w2_drv01,way2,gm,W-04_demod_idle_zero,42,PASS,0,
gm_w2_drv01,way2,gm,W-04_demod_idle_zero,1337,PASS,0,
gm_w2_drv01,way2,gm,W-04_demod_idle_zero,9001,PASS,0,
gm_w2_drv01,way2,gm,W-04_demod_idle_zero,271828,PASS,0,
gm_w2_drv01,way2,gm,W-04_demod_idle_zero,314159,PASS,0,
gm_w2_drv01,way2,gm,W-05_mod_reset_late,42,PASS,0,
gm_w2_drv01,way2,gm,W-05_mod_reset_late,1337,PASS,0,
gm_w2_drv01,way2,gm,W-05_mod_reset_late,9001,PASS,0,
gm_w2_drv01,way2,gm,W-05_mod_reset_late,271828,PASS,0,
gm_w2_drv01,way2,gm,W-05_mod_reset_late,314159,PASS,0,
gm_w2_drv01,way2,gm,W-06_demod_reset_late,42,PASS,0,
gm_w2_drv01,way2,gm,W-06_demod_reset_late,1337,PASS,0,
gm_w2_drv01,way2,gm,W-06_demod_reset_late,9001,PASS,0,
gm_w2_drv01,way2,gm,W-06_demod_reset_late,271828,PASS,0,
gm_w2_drv01,way2,gm,W-06_demod_reset_late,314159,PASS,0,
gm_w2_drv01,way2,gm,W-07_ch_noise_doubled,42,PASS,0,
gm_w2_drv01,way2,gm,W-07_ch_noise_doubled,1337,PASS,0,
gm_w2_drv01,way2,gm,W-07_ch_noise_doubled,9001,PASS,0,
gm_w2_drv01,way2,gm,W-07_ch_noise_doubled,271828,PASS,0,
gm_w2_drv01,way2,gm,W-07_ch_noise_doubled,314159,PASS,0,
gm_w2_drv01,way2,gm,W-08_ch_rotation_doubled,42,PASS,0,
gm_w2_drv01,way2,gm,W-08_ch_rotation_doubled,1337,PASS,0,
gm_w2_drv01,way2,gm,W-08_ch_rotation_doubled,9001,PASS,0,
gm_w2_drv01,way2,gm,W-08_ch_rotation_doubled,271828,PASS,0,
gm_w2_drv01,way2,gm,W-08_ch_rotation_doubled,314159,PASS,0,
gm_w2_drv01,way2,gm,W-09_ch_latency_plus1,42,PASS,0,
gm_w2_drv01,way2,gm,W-09_ch_latency_plus1,1337,PASS,0,
gm_w2_drv01,way2,gm,W-09_ch_latency_plus1,9001,PASS,0,
gm_w2_drv01,way2,gm,W-09_ch_latency_plus1,271828,PASS,0,
gm_w2_drv01,way2,gm,W-09_ch_latency_plus1,314159,PASS,0,
gm_w2_drv01,way2,gm,W-10_ch_idle_zero,42,PASS,0,
gm_w2_drv01,way2,gm,W-10_ch_idle_zero,1337,PASS,0,
gm_w2_drv01,way2,gm,W-10_ch_idle_zero,9001,PASS,0,
gm_w2_drv01,way2,gm,W-10_ch_idle_zero,271828,PASS,0,
gm_w2_drv01,way2,gm,W-10_ch_idle_zero,314159,PASS,0,
gm_w2_drv01,way2,gm,S-01_const_sym10_i,42,FAIL,10,result_fail
gm_w2_drv01,way2,gm,S-01_const_sym10_i,1337,FAIL,10,result_fail
gm_w2_drv01,way2,gm,S-01_const_sym10_i,9001,FAIL,10,result_fail
gm_w2_drv01,way2,gm,S-01_const_sym10_i,271828,FAIL,10,result_fail
gm_w2_drv01,way2,gm,S-01_const_sym10_i,314159,FAIL,10,result_fail
gm_w2_drv01,way2,gm,S-02_const_sym01_q,42,FAIL,10,result_fail
gm_w2_drv01,way2,gm,S-02_const_sym01_q,1337,FAIL,10,result_fail
gm_w2_drv01,way2,gm,S-02_const_sym01_q,9001,FAIL,10,result_fail
gm_w2_drv01,way2,gm,S-02_const_sym01_q,271828,FAIL,10,result_fail
gm_w2_drv01,way2,gm,S-02_const_sym01_q,314159,FAIL,10,result_fail
gm_w2_drv01,way2,gm,S-03_slice_invert_i,42,FAIL,40,result_fail
gm_w2_drv01,way2,gm,S-03_slice_invert_i,1337,FAIL,40,result_fail
gm_w2_drv01,way2,gm,S-03_slice_invert_i,9001,FAIL,40,result_fail
gm_w2_drv01,way2,gm,S-03_slice_invert_i,271828,FAIL,40,result_fail
gm_w2_drv01,way2,gm,S-03_slice_invert_i,314159,FAIL,40,result_fail
gm_w2_drv01,way2,gm,S-05_mod_valid_gate,42,FAIL,31,result_fail
gm_w2_drv01,way2,gm,S-05_mod_valid_gate,1337,FAIL,31,result_fail
gm_w2_drv01,way2,gm,S-05_mod_valid_gate,9001,FAIL,31,result_fail
gm_w2_drv01,way2,gm,S-05_mod_valid_gate,271828,FAIL,31,result_fail
gm_w2_drv01,way2,gm,S-05_mod_valid_gate,314159,FAIL,31,result_fail
gm_w2_drv01,way2,gm,S-09_ch_q_inversion,42,FAIL,40,result_fail
gm_w2_drv01,way2,gm,S-09_ch_q_inversion,1337,FAIL,40,result_fail
gm_w2_drv01,way2,gm,S-09_ch_q_inversion,9001,FAIL,40,result_fail
gm_w2_drv01,way2,gm,S-09_ch_q_inversion,271828,FAIL,40,result_fail
gm_w2_drv01,way2,gm,S-09_ch_q_inversion,314159,FAIL,40,result_fail
gm_w2_drv01,way2,gm,S-11_ch_noise_overload,42,FAIL,26,result_fail
gm_w2_drv01,way2,gm,S-11_ch_noise_overload,1337,FAIL,23,result_fail
gm_w2_drv01,way2,gm,S-11_ch_noise_overload,9001,FAIL,30,result_fail
gm_w2_drv01,way2,gm,S-11_ch_noise_overload,271828,FAIL,29,result_fail
gm_w2_drv01,way2,gm,S-11_ch_noise_overload,314159,FAIL,28,result_fail
gm_w2_drv02,way2,gm,golden,42,PASS,0,
gm_w2_drv02,way2,gm,golden,1337,PASS,0,
gm_w2_drv02,way2,gm,golden,9001,PASS,0,
gm_w2_drv02,way2,gm,golden,271828,PASS,0,
gm_w2_drv02,way2,gm,golden,314159,PASS,0,
gm_w2_drv02,way2,gm,W-01_mod_latency_plus1,42,PASS,0,
gm_w2_drv02,way2,gm,W-01_mod_latency_plus1,1337,PASS,0,
gm_w2_drv02,way2,gm,W-01_mod_latency_plus1,9001,PASS,0,
gm_w2_drv02,way2,gm,W-01_mod_latency_plus1,271828,PASS,0,
gm_w2_drv02,way2,gm,W-01_mod_latency_plus1,314159,PASS,0,
gm_w2_drv02,way2,gm,W-02_demod_latency_plus1,42,PASS,0,
gm_w2_drv02,way2,gm,W-02_demod_latency_plus1,1337,PASS,0,
gm_w2_drv02,way2,gm,W-02_demod_latency_plus1,9001,PASS,0,
gm_w2_drv02,way2,gm,W-02_demod_latency_plus1,271828,PASS,0,
gm_w2_drv02,way2,gm,W-02_demod_latency_plus1,314159,PASS,0,
gm_w2_drv02,way2,gm,W-03_mod_idle_zero,42,PASS,0,
gm_w2_drv02,way2,gm,W-03_mod_idle_zero,1337,PASS,0,
gm_w2_drv02,way2,gm,W-03_mod_idle_zero,9001,PASS,0,
gm_w2_drv02,way2,gm,W-03_mod_idle_zero,271828,PASS,0,
gm_w2_drv02,way2,gm,W-03_mod_idle_zero,314159,PASS,0,
gm_w2_drv02,way2,gm,W-04_demod_idle_zero,42,PASS,0,
gm_w2_drv02,way2,gm,W-04_demod_idle_zero,1337,PASS,0,
gm_w2_drv02,way2,gm,W-04_demod_idle_zero,9001,PASS,0,
gm_w2_drv02,way2,gm,W-04_demod_idle_zero,271828,PASS,0,
gm_w2_drv02,way2,gm,W-04_demod_idle_zero,314159,PASS,0,
gm_w2_drv02,way2,gm,W-05_mod_reset_late,42,PASS,0,
gm_w2_drv02,way2,gm,W-05_mod_reset_late,1337,PASS,0,
gm_w2_drv02,way2,gm,W-05_mod_reset_late,9001,PASS,0,
gm_w2_drv02,way2,gm,W-05_mod_reset_late,271828,PASS,0,
gm_w2_drv02,way2,gm,W-05_mod_reset_late,314159,PASS,0,
gm_w2_drv02,way2,gm,W-06_demod_reset_late,42,PASS,0,
gm_w2_drv02,way2,gm,W-06_demod_reset_late,1337,PASS,0,
gm_w2_drv02,way2,gm,W-06_demod_reset_late,9001,PASS,0,
gm_w2_drv02,way2,gm,W-06_demod_reset_late,271828,PASS,0,
gm_w2_drv02,way2,gm,W-06_demod_reset_late,314159,PASS,0,
gm_w2_drv02,way2,gm,W-07_ch_noise_doubled,42,PASS,0,
gm_w2_drv02,way2,gm,W-07_ch_noise_doubled,1337,PASS,0,
gm_w2_drv02,way2,gm,W-07_ch_noise_doubled,9001,PASS,0,
gm_w2_drv02,way2,gm,W-07_ch_noise_doubled,271828,PASS,0,
gm_w2_drv02,way2,gm,W-07_ch_noise_doubled,314159,PASS,0,
gm_w2_drv02,way2,gm,W-08_ch_rotation_doubled,42,PASS,0,
gm_w2_drv02,way2,gm,W-08_ch_rotation_doubled,1337,PASS,0,
gm_w2_drv02,way2,gm,W-08_ch_rotation_doubled,9001,PASS,0,
gm_w2_drv02,way2,gm,W-08_ch_rotation_doubled,271828,PASS,0,
gm_w2_drv02,way2,gm,W-08_ch_rotation_doubled,314159,PASS,0,
gm_w2_drv02,way2,gm,W-09_ch_latency_plus1,42,PASS,0,
gm_w2_drv02,way2,gm,W-09_ch_latency_plus1,1337,PASS,0,
gm_w2_drv02,way2,gm,W-09_ch_latency_plus1,9001,PASS,0,
gm_w2_drv02,way2,gm,W-09_ch_latency_plus1,271828,PASS,0,
gm_w2_drv02,way2,gm,W-09_ch_latency_plus1,314159,PASS,0,
gm_w2_drv02,way2,gm,W-10_ch_idle_zero,42,PASS,0,
gm_w2_drv02,way2,gm,W-10_ch_idle_zero,1337,PASS,0,
gm_w2_drv02,way2,gm,W-10_ch_idle_zero,9001,PASS,0,
gm_w2_drv02,way2,gm,W-10_ch_idle_zero,271828,PASS,0,
gm_w2_drv02,way2,gm,W-10_ch_idle_zero,314159,PASS,0,
gm_w2_drv02,way2,gm,S-01_const_sym10_i,42,FAIL,10,result_fail
gm_w2_drv02,way2,gm,S-01_const_sym10_i,1337,FAIL,10,result_fail
gm_w2_drv02,way2,gm,S-01_const_sym10_i,9001,FAIL,10,result_fail
gm_w2_drv02,way2,gm,S-01_const_sym10_i,271828,FAIL,10,result_fail
gm_w2_drv02,way2,gm,S-01_const_sym10_i,314159,FAIL,10,result_fail
gm_w2_drv02,way2,gm,S-02_const_sym01_q,42,FAIL,10,result_fail
gm_w2_drv02,way2,gm,S-02_const_sym01_q,1337,FAIL,10,result_fail
gm_w2_drv02,way2,gm,S-02_const_sym01_q,9001,FAIL,10,result_fail
gm_w2_drv02,way2,gm,S-02_const_sym01_q,271828,FAIL,10,result_fail
gm_w2_drv02,way2,gm,S-02_const_sym01_q,314159,FAIL,10,result_fail
gm_w2_drv02,way2,gm,S-03_slice_invert_i,42,FAIL,40,result_fail
gm_w2_drv02,way2,gm,S-03_slice_invert_i,1337,FAIL,40,result_fail
gm_w2_drv02,way2,gm,S-03_slice_invert_i,9001,FAIL,40,result_fail
gm_w2_drv02,way2,gm,S-03_slice_invert_i,271828,FAIL,40,result_fail
gm_w2_drv02,way2,gm,S-03_slice_invert_i,314159,FAIL,40,result_fail
gm_w2_drv02,way2,gm,S-05_mod_valid_gate,42,FAIL,31,result_fail
gm_w2_drv02,way2,gm,S-05_mod_valid_gate,1337,FAIL,31,result_fail
gm_w2_drv02,way2,gm,S-05_mod_valid_gate,9001,FAIL,31,result_fail
gm_w2_drv02,way2,gm,S-05_mod_valid_gate,271828,FAIL,31,result_fail
gm_w2_drv02,way2,gm,S-05_mod_valid_gate,314159,FAIL,31,result_fail
gm_w2_drv02,way2,gm,S-09_ch_q_inversion,42,FAIL,40,result_fail
gm_w2_drv02,way2,gm,S-09_ch_q_inversion,1337,FAIL,40,result_fail
gm_w2_drv02,way2,gm,S-09_ch_q_inversion,9001,FAIL,40,result_fail
gm_w2_drv02,way2,gm,S-09_ch_q_inversion,271828,FAIL,40,result_fail
gm_w2_drv02,way2,gm,S-09_ch_q_inversion,314159,FAIL,40,result_fail
gm_w2_drv02,way2,gm,S-11_ch_noise_overload,42,FAIL,26,result_fail
gm_w2_drv02,way2,gm,S-11_ch_noise_overload,1337,FAIL,23,result_fail
gm_w2_drv02,way2,gm,S-11_ch_noise_overload,9001,FAIL,30,result_fail
gm_w2_drv02,way2,gm,S-11_ch_noise_overload,271828,FAIL,29,result_fail
gm_w2_drv02,way2,gm,S-11_ch_noise_overload,314159,FAIL,28,result_fail
gm_w2_drv04,way2,gm,golden,42,PASS,0,
gm_w2_drv04,way2,gm,golden,1337,PASS,0,
gm_w2_drv04,way2,gm,golden,9001,PASS,0,
gm_w2_drv04,way2,gm,golden,271828,PASS,0,
gm_w2_drv04,way2,gm,golden,314159,PASS,0,
gm_w2_drv04,way2,gm,W-01_mod_latency_plus1,42,PASS,0,
gm_w2_drv04,way2,gm,W-01_mod_latency_plus1,1337,PASS,0,
gm_w2_drv04,way2,gm,W-01_mod_latency_plus1,9001,PASS,0,
gm_w2_drv04,way2,gm,W-01_mod_latency_plus1,271828,PASS,0,
gm_w2_drv04,way2,gm,W-01_mod_latency_plus1,314159,PASS,0,
gm_w2_drv04,way2,gm,W-02_demod_latency_plus1,42,PASS,0,
gm_w2_drv04,way2,gm,W-02_demod_latency_plus1,1337,PASS,0,
gm_w2_drv04,way2,gm,W-02_demod_latency_plus1,9001,PASS,0,
gm_w2_drv04,way2,gm,W-02_demod_latency_plus1,271828,PASS,0,
gm_w2_drv04,way2,gm,W-02_demod_latency_plus1,314159,PASS,0,
gm_w2_drv04,way2,gm,W-03_mod_idle_zero,42,PASS,0,
gm_w2_drv04,way2,gm,W-03_mod_idle_zero,1337,PASS,0,
gm_w2_drv04,way2,gm,W-03_mod_idle_zero,9001,PASS,0,
gm_w2_drv04,way2,gm,W-03_mod_idle_zero,271828,PASS,0,
gm_w2_drv04,way2,gm,W-03_mod_idle_zero,314159,PASS,0,
gm_w2_drv04,way2,gm,W-04_demod_idle_zero,42,PASS,0,
gm_w2_drv04,way2,gm,W-04_demod_idle_zero,1337,PASS,0,
gm_w2_drv04,way2,gm,W-04_demod_idle_zero,9001,PASS,0,
gm_w2_drv04,way2,gm,W-04_demod_idle_zero,271828,PASS,0,
gm_w2_drv04,way2,gm,W-04_demod_idle_zero,314159,PASS,0,
gm_w2_drv04,way2,gm,W-05_mod_reset_late,42,PASS,0,
gm_w2_drv04,way2,gm,W-05_mod_reset_late,1337,PASS,0,
gm_w2_drv04,way2,gm,W-05_mod_reset_late,9001,PASS,0,
gm_w2_drv04,way2,gm,W-05_mod_reset_late,271828,PASS,0,
gm_w2_drv04,way2,gm,W-05_mod_reset_late,314159,PASS,0,
gm_w2_drv04,way2,gm,W-06_demod_reset_late,42,PASS,0,
gm_w2_drv04,way2,gm,W-06_demod_reset_late,1337,PASS,0,
gm_w2_drv04,way2,gm,W-06_demod_reset_late,9001,PASS,0,
gm_w2_drv04,way2,gm,W-06_demod_reset_late,271828,PASS,0,
gm_w2_drv04,way2,gm,W-06_demod_reset_late,314159,PASS,0,
gm_w2_drv04,way2,gm,W-07_ch_noise_doubled,42,PASS,0,
gm_w2_drv04,way2,gm,W-07_ch_noise_doubled,1337,PASS,0,
gm_w2_drv04,way2,gm,W-07_ch_noise_doubled,9001,PASS,0,
gm_w2_drv04,way2,gm,W-07_ch_noise_doubled,271828,PASS,0,
gm_w2_drv04,way2,gm,W-07_ch_noise_doubled,314159,PASS,0,
gm_w2_drv04,way2,gm,W-08_ch_rotation_doubled,42,PASS,0,
gm_w2_drv04,way2,gm,W-08_ch_rotation_doubled,1337,PASS,0,
gm_w2_drv04,way2,gm,W-08_ch_rotation_doubled,9001,PASS,0,
gm_w2_drv04,way2,gm,W-08_ch_rotation_doubled,271828,PASS,0,
gm_w2_drv04,way2,gm,W-08_ch_rotation_doubled,314159,PASS,0,
gm_w2_drv04,way2,gm,W-09_ch_latency_plus1,42,PASS,0,
gm_w2_drv04,way2,gm,W-09_ch_latency_plus1,1337,PASS,0,
gm_w2_drv04,way2,gm,W-09_ch_latency_plus1,9001,PASS,0,
gm_w2_drv04,way2,gm,W-09_ch_latency_plus1,271828,PASS,0,
gm_w2_drv04,way2,gm,W-09_ch_latency_plus1,314159,PASS,0,
gm_w2_drv04,way2,gm,W-10_ch_idle_zero,42,PASS,0,
gm_w2_drv04,way2,gm,W-10_ch_idle_zero,1337,PASS,0,
gm_w2_drv04,way2,gm,W-10_ch_idle_zero,9001,PASS,0,
gm_w2_drv04,way2,gm,W-10_ch_idle_zero,271828,PASS,0,
gm_w2_drv04,way2,gm,W-10_ch_idle_zero,314159,PASS,0,
gm_w2_drv04,way2,gm,S-01_const_sym10_i,42,FAIL,10,result_fail
gm_w2_drv04,way2,gm,S-01_const_sym10_i,1337,FAIL,10,result_fail
gm_w2_drv04,way2,gm,S-01_const_sym10_i,9001,FAIL,10,result_fail
gm_w2_drv04,way2,gm,S-01_const_sym10_i,271828,FAIL,10,result_fail
gm_w2_drv04,way2,gm,S-01_const_sym10_i,314159,FAIL,10,result_fail
gm_w2_drv04,way2,gm,S-02_const_sym01_q,42,FAIL,10,result_fail
gm_w2_drv04,way2,gm,S-02_const_sym01_q,1337,FAIL,10,result_fail
gm_w2_drv04,way2,gm,S-02_const_sym01_q,9001,FAIL,10,result_fail
gm_w2_drv04,way2,gm,S-02_const_sym01_q,271828,FAIL,10,result_fail
gm_w2_drv04,way2,gm,S-02_const_sym01_q,314159,FAIL,10,result_fail
gm_w2_drv04,way2,gm,S-03_slice_invert_i,42,FAIL,40,result_fail
gm_w2_drv04,way2,gm,S-03_slice_invert_i,1337,FAIL,40,result_fail
gm_w2_drv04,way2,gm,S-03_slice_invert_i,9001,FAIL,40,result_fail
gm_w2_drv04,way2,gm,S-03_slice_invert_i,271828,FAIL,40,result_fail
gm_w2_drv04,way2,gm,S-03_slice_invert_i,314159,FAIL,40,result_fail
gm_w2_drv04,way2,gm,S-05_mod_valid_gate,42,FAIL,31,result_fail
gm_w2_drv04,way2,gm,S-05_mod_valid_gate,1337,FAIL,31,result_fail
gm_w2_drv04,way2,gm,S-05_mod_valid_gate,9001,FAIL,31,result_fail
gm_w2_drv04,way2,gm,S-05_mod_valid_gate,271828,FAIL,31,result_fail
gm_w2_drv04,way2,gm,S-05_mod_valid_gate,314159,FAIL,31,result_fail
gm_w2_drv04,way2,gm,S-09_ch_q_inversion,42,FAIL,40,result_fail
gm_w2_drv04,way2,gm,S-09_ch_q_inversion,1337,FAIL,40,result_fail
gm_w2_drv04,way2,gm,S-09_ch_q_inversion,9001,FAIL,40,result_fail
gm_w2_drv04,way2,gm,S-09_ch_q_inversion,271828,FAIL,40,result_fail
gm_w2_drv04,way2,gm,S-09_ch_q_inversion,314159,FAIL,40,result_fail
gm_w2_drv04,way2,gm,S-11_ch_noise_overload,42,FAIL,26,result_fail
gm_w2_drv04,way2,gm,S-11_ch_noise_overload,1337,FAIL,23,result_fail
gm_w2_drv04,way2,gm,S-11_ch_noise_overload,9001,FAIL,30,result_fail
gm_w2_drv04,way2,gm,S-11_ch_noise_overload,271828,FAIL,29,result_fail
gm_w2_drv04,way2,gm,S-11_ch_noise_overload,314159,FAIL,28,result_fail
gm_w2_drv05,way2,gm,golden,42,PASS,0,
gm_w2_drv05,way2,gm,golden,1337,PASS,0,
gm_w2_drv05,way2,gm,golden,9001,PASS,0,
gm_w2_drv05,way2,gm,golden,271828,PASS,0,
gm_w2_drv05,way2,gm,golden,314159,PASS,0,
gm_w2_drv05,way2,gm,W-01_mod_latency_plus1,42,PASS,0,
gm_w2_drv05,way2,gm,W-01_mod_latency_plus1,1337,PASS,0,
gm_w2_drv05,way2,gm,W-01_mod_latency_plus1,9001,PASS,0,
gm_w2_drv05,way2,gm,W-01_mod_latency_plus1,271828,PASS,0,
gm_w2_drv05,way2,gm,W-01_mod_latency_plus1,314159,PASS,0,
gm_w2_drv05,way2,gm,W-02_demod_latency_plus1,42,PASS,0,
gm_w2_drv05,way2,gm,W-02_demod_latency_plus1,1337,PASS,0,
gm_w2_drv05,way2,gm,W-02_demod_latency_plus1,9001,PASS,0,
gm_w2_drv05,way2,gm,W-02_demod_latency_plus1,271828,PASS,0,
gm_w2_drv05,way2,gm,W-02_demod_latency_plus1,314159,PASS,0,
gm_w2_drv05,way2,gm,W-03_mod_idle_zero,42,PASS,0,
gm_w2_drv05,way2,gm,W-03_mod_idle_zero,1337,PASS,0,
gm_w2_drv05,way2,gm,W-03_mod_idle_zero,9001,PASS,0,
gm_w2_drv05,way2,gm,W-03_mod_idle_zero,271828,PASS,0,
gm_w2_drv05,way2,gm,W-03_mod_idle_zero,314159,PASS,0,
gm_w2_drv05,way2,gm,W-04_demod_idle_zero,42,PASS,0,
gm_w2_drv05,way2,gm,W-04_demod_idle_zero,1337,PASS,0,
gm_w2_drv05,way2,gm,W-04_demod_idle_zero,9001,PASS,0,
gm_w2_drv05,way2,gm,W-04_demod_idle_zero,271828,PASS,0,
gm_w2_drv05,way2,gm,W-04_demod_idle_zero,314159,PASS,0,
gm_w2_drv05,way2,gm,W-05_mod_reset_late,42,PASS,0,
gm_w2_drv05,way2,gm,W-05_mod_reset_late,1337,PASS,0,
gm_w2_drv05,way2,gm,W-05_mod_reset_late,9001,PASS,0,
gm_w2_drv05,way2,gm,W-05_mod_reset_late,271828,PASS,0,
gm_w2_drv05,way2,gm,W-05_mod_reset_late,314159,PASS,0,
gm_w2_drv05,way2,gm,W-06_demod_reset_late,42,PASS,0,
gm_w2_drv05,way2,gm,W-06_demod_reset_late,1337,PASS,0,
gm_w2_drv05,way2,gm,W-06_demod_reset_late,9001,PASS,0,
gm_w2_drv05,way2,gm,W-06_demod_reset_late,271828,PASS,0,
gm_w2_drv05,way2,gm,W-06_demod_reset_late,314159,PASS,0,
gm_w2_drv05,way2,gm,W-07_ch_noise_doubled,42,PASS,0,
gm_w2_drv05,way2,gm,W-07_ch_noise_doubled,1337,PASS,0,
gm_w2_drv05,way2,gm,W-07_ch_noise_doubled,9001,PASS,0,
gm_w2_drv05,way2,gm,W-07_ch_noise_doubled,271828,PASS,0,
gm_w2_drv05,way2,gm,W-07_ch_noise_doubled,314159,PASS,0,
gm_w2_drv05,way2,gm,W-08_ch_rotation_doubled,42,PASS,0,
gm_w2_drv05,way2,gm,W-08_ch_rotation_doubled,1337,PASS,0,
gm_w2_drv05,way2,gm,W-08_ch_rotation_doubled,9001,PASS,0,
gm_w2_drv05,way2,gm,W-08_ch_rotation_doubled,271828,PASS,0,
gm_w2_drv05,way2,gm,W-08_ch_rotation_doubled,314159,PASS,0,
gm_w2_drv05,way2,gm,W-09_ch_latency_plus1,42,PASS,0,
gm_w2_drv05,way2,gm,W-09_ch_latency_plus1,1337,PASS,0,
gm_w2_drv05,way2,gm,W-09_ch_latency_plus1,9001,PASS,0,
gm_w2_drv05,way2,gm,W-09_ch_latency_plus1,271828,PASS,0,
gm_w2_drv05,way2,gm,W-09_ch_latency_plus1,314159,PASS,0,
gm_w2_drv05,way2,gm,W-10_ch_idle_zero,42,PASS,0,
gm_w2_drv05,way2,gm,W-10_ch_idle_zero,1337,PASS,0,
gm_w2_drv05,way2,gm,W-10_ch_idle_zero,9001,PASS,0,
gm_w2_drv05,way2,gm,W-10_ch_idle_zero,271828,PASS,0,
gm_w2_drv05,way2,gm,W-10_ch_idle_zero,314159,PASS,0,
gm_w2_drv05,way2,gm,S-01_const_sym10_i,42,FAIL,10,result_fail
gm_w2_drv05,way2,gm,S-01_const_sym10_i,1337,FAIL,10,result_fail
gm_w2_drv05,way2,gm,S-01_const_sym10_i,9001,FAIL,10,result_fail
gm_w2_drv05,way2,gm,S-01_const_sym10_i,271828,FAIL,10,result_fail
gm_w2_drv05,way2,gm,S-01_const_sym10_i,314159,FAIL,10,result_fail
gm_w2_drv05,way2,gm,S-02_const_sym01_q,42,FAIL,10,result_fail
gm_w2_drv05,way2,gm,S-02_const_sym01_q,1337,FAIL,10,result_fail
gm_w2_drv05,way2,gm,S-02_const_sym01_q,9001,FAIL,10,result_fail
gm_w2_drv05,way2,gm,S-02_const_sym01_q,271828,FAIL,10,result_fail
gm_w2_drv05,way2,gm,S-02_const_sym01_q,314159,FAIL,10,result_fail
gm_w2_drv05,way2,gm,S-03_slice_invert_i,42,FAIL,40,result_fail
gm_w2_drv05,way2,gm,S-03_slice_invert_i,1337,FAIL,40,result_fail
gm_w2_drv05,way2,gm,S-03_slice_invert_i,9001,FAIL,40,result_fail
gm_w2_drv05,way2,gm,S-03_slice_invert_i,271828,FAIL,40,result_fail
gm_w2_drv05,way2,gm,S-03_slice_invert_i,314159,FAIL,40,result_fail
gm_w2_drv05,way2,gm,S-05_mod_valid_gate,42,FAIL,31,result_fail
gm_w2_drv05,way2,gm,S-05_mod_valid_gate,1337,FAIL,31,result_fail
gm_w2_drv05,way2,gm,S-05_mod_valid_gate,9001,FAIL,31,result_fail
gm_w2_drv05,way2,gm,S-05_mod_valid_gate,271828,FAIL,31,result_fail
gm_w2_drv05,way2,gm,S-05_mod_valid_gate,314159,FAIL,31,result_fail
gm_w2_drv05,way2,gm,S-09_ch_q_inversion,42,FAIL,40,result_fail
gm_w2_drv05,way2,gm,S-09_ch_q_inversion,1337,FAIL,40,result_fail
gm_w2_drv05,way2,gm,S-09_ch_q_inversion,9001,FAIL,40,result_fail
gm_w2_drv05,way2,gm,S-09_ch_q_inversion,271828,FAIL,40,result_fail
gm_w2_drv05,way2,gm,S-09_ch_q_inversion,314159,FAIL,40,result_fail
gm_w2_drv05,way2,gm,S-11_ch_noise_overload,42,FAIL,26,result_fail
gm_w2_drv05,way2,gm,S-11_ch_noise_overload,1337,FAIL,23,result_fail
gm_w2_drv05,way2,gm,S-11_ch_noise_overload,9001,FAIL,30,result_fail
gm_w2_drv05,way2,gm,S-11_ch_noise_overload,271828,FAIL,29,result_fail
gm_w2_drv05,way2,gm,S-11_ch_noise_overload,314159,FAIL,28,result_fail
gm_w2_seq01,way2,gm,golden,42,FAIL,0,no_result
gm_w2_seq01,way2,gm,golden,1337,FAIL,0,no_result
gm_w2_seq01,way2,gm,golden,9001,FAIL,0,no_result
gm_w2_seq01,way2,gm,golden,271828,FAIL,0,no_result
gm_w2_seq01,way2,gm,golden,314159,FAIL,0,no_result
gm_w2_seq01,way2,gm,W-01_mod_latency_plus1,42,FAIL,0,no_result
gm_w2_seq01,way2,gm,W-01_mod_latency_plus1,1337,FAIL,0,no_result
gm_w2_seq01,way2,gm,W-01_mod_latency_plus1,9001,FAIL,0,no_result
gm_w2_seq01,way2,gm,W-01_mod_latency_plus1,271828,FAIL,0,no_result
gm_w2_seq01,way2,gm,W-01_mod_latency_plus1,314159,FAIL,0,no_result
gm_w2_seq01,way2,gm,W-02_demod_latency_plus1,42,FAIL,0,no_result
gm_w2_seq01,way2,gm,W-02_demod_latency_plus1,1337,FAIL,0,no_result
gm_w2_seq01,way2,gm,W-02_demod_latency_plus1,9001,FAIL,0,no_result
gm_w2_seq01,way2,gm,W-02_demod_latency_plus1,271828,FAIL,0,no_result
gm_w2_seq01,way2,gm,W-02_demod_latency_plus1,314159,FAIL,0,no_result
gm_w2_seq01,way2,gm,W-03_mod_idle_zero,42,FAIL,0,no_result
gm_w2_seq01,way2,gm,W-03_mod_idle_zero,1337,FAIL,0,no_result
gm_w2_seq01,way2,gm,W-03_mod_idle_zero,9001,FAIL,0,no_result
gm_w2_seq01,way2,gm,W-03_mod_idle_zero,271828,FAIL,0,no_result
gm_w2_seq01,way2,gm,W-03_mod_idle_zero,314159,FAIL,0,no_result
gm_w2_seq01,way2,gm,W-04_demod_idle_zero,42,FAIL,0,no_result
gm_w2_seq01,way2,gm,W-04_demod_idle_zero,1337,FAIL,0,no_result
gm_w2_seq01,way2,gm,W-04_demod_idle_zero,9001,FAIL,0,no_result
gm_w2_seq01,way2,gm,W-04_demod_idle_zero,271828,FAIL,0,no_result
gm_w2_seq01,way2,gm,W-04_demod_idle_zero,314159,FAIL,0,no_result
gm_w2_seq01,way2,gm,W-05_mod_reset_late,42,FAIL,0,no_result
gm_w2_seq01,way2,gm,W-05_mod_reset_late,1337,FAIL,0,no_result
gm_w2_seq01,way2,gm,W-05_mod_reset_late,9001,FAIL,0,no_result
gm_w2_seq01,way2,gm,W-05_mod_reset_late,271828,FAIL,0,no_result
gm_w2_seq01,way2,gm,W-05_mod_reset_late,314159,FAIL,0,no_result
gm_w2_seq01,way2,gm,W-06_demod_reset_late,42,FAIL,0,no_result
gm_w2_seq01,way2,gm,W-06_demod_reset_late,1337,FAIL,0,no_result
gm_w2_seq01,way2,gm,W-06_demod_reset_late,9001,FAIL,0,no_result
gm_w2_seq01,way2,gm,W-06_demod_reset_late,271828,FAIL,0,no_result
gm_w2_seq01,way2,gm,W-06_demod_reset_late,314159,FAIL,0,no_result
gm_w2_seq01,way2,gm,W-07_ch_noise_doubled,42,FAIL,0,no_result
gm_w2_seq01,way2,gm,W-07_ch_noise_doubled,1337,FAIL,0,no_result
gm_w2_seq01,way2,gm,W-07_ch_noise_doubled,9001,FAIL,0,no_result
gm_w2_seq01,way2,gm,W-07_ch_noise_doubled,271828,FAIL,0,no_result
gm_w2_seq01,way2,gm,W-07_ch_noise_doubled,314159,FAIL,0,no_result
gm_w2_seq01,way2,gm,W-08_ch_rotation_doubled,42,FAIL,0,no_result
gm_w2_seq01,way2,gm,W-08_ch_rotation_doubled,1337,FAIL,0,no_result
gm_w2_seq01,way2,gm,W-08_ch_rotation_doubled,9001,FAIL,0,no_result
gm_w2_seq01,way2,gm,W-08_ch_rotation_doubled,271828,FAIL,0,no_result
gm_w2_seq01,way2,gm,W-08_ch_rotation_doubled,314159,FAIL,0,no_result
gm_w2_seq01,way2,gm,W-09_ch_latency_plus1,42,FAIL,0,no_result
gm_w2_seq01,way2,gm,W-09_ch_latency_plus1,1337,FAIL,0,no_result
gm_w2_seq01,way2,gm,W-09_ch_latency_plus1,9001,FAIL,0,no_result
gm_w2_seq01,way2,gm,W-09_ch_latency_plus1,271828,FAIL,0,no_result
gm_w2_seq01,way2,gm,W-09_ch_latency_plus1,314159,FAIL,0,no_result
gm_w2_seq01,way2,gm,W-10_ch_idle_zero,42,FAIL,0,no_result
gm_w2_seq01,way2,gm,W-10_ch_idle_zero,1337,FAIL,0,no_result
gm_w2_seq01,way2,gm,W-10_ch_idle_zero,9001,FAIL,0,no_result
gm_w2_seq01,way2,gm,W-10_ch_idle_zero,271828,FAIL,0,no_result
gm_w2_seq01,way2,gm,W-10_ch_idle_zero,314159,FAIL,0,no_result
gm_w2_seq01,way2,gm,S-01_const_sym10_i,42,FAIL,0,no_result
gm_w2_seq01,way2,gm,S-01_const_sym10_i,1337,FAIL,0,no_result
gm_w2_seq01,way2,gm,S-01_const_sym10_i,9001,FAIL,0,no_result
gm_w2_seq01,way2,gm,S-01_const_sym10_i,271828,FAIL,0,no_result
gm_w2_seq01,way2,gm,S-01_const_sym10_i,314159,FAIL,0,no_result
gm_w2_seq01,way2,gm,S-02_const_sym01_q,42,FAIL,0,no_result
gm_w2_seq01,way2,gm,S-02_const_sym01_q,1337,FAIL,0,no_result
gm_w2_seq01,way2,gm,S-02_const_sym01_q,9001,FAIL,0,no_result
gm_w2_seq01,way2,gm,S-02_const_sym01_q,271828,FAIL,0,no_result
gm_w2_seq01,way2,gm,S-02_const_sym01_q,314159,FAIL,0,no_result
gm_w2_seq01,way2,gm,S-03_slice_invert_i,42,FAIL,0,no_result
gm_w2_seq01,way2,gm,S-03_slice_invert_i,1337,FAIL,0,no_result
gm_w2_seq01,way2,gm,S-03_slice_invert_i,9001,FAIL,0,no_result
gm_w2_seq01,way2,gm,S-03_slice_invert_i,271828,FAIL,0,no_result
gm_w2_seq01,way2,gm,S-03_slice_invert_i,314159,FAIL,0,no_result
gm_w2_seq01,way2,gm,S-05_mod_valid_gate,42,FAIL,0,no_result
gm_w2_seq01,way2,gm,S-05_mod_valid_gate,1337,FAIL,0,no_result
gm_w2_seq01,way2,gm,S-05_mod_valid_gate,9001,FAIL,0,no_result
gm_w2_seq01,way2,gm,S-05_mod_valid_gate,271828,FAIL,0,no_result
gm_w2_seq01,way2,gm,S-05_mod_valid_gate,314159,FAIL,0,no_result
gm_w2_seq01,way2,gm,S-09_ch_q_inversion,42,FAIL,0,no_result
gm_w2_seq01,way2,gm,S-09_ch_q_inversion,1337,FAIL,0,no_result
gm_w2_seq01,way2,gm,S-09_ch_q_inversion,9001,FAIL,0,no_result
gm_w2_seq01,way2,gm,S-09_ch_q_inversion,271828,FAIL,0,no_result
gm_w2_seq01,way2,gm,S-09_ch_q_inversion,314159,FAIL,0,no_result
gm_w2_seq01,way2,gm,S-11_ch_noise_overload,42,FAIL,0,no_result
gm_w2_seq01,way2,gm,S-11_ch_noise_overload,1337,FAIL,0,no_result
gm_w2_seq01,way2,gm,S-11_ch_noise_overload,9001,FAIL,0,no_result
gm_w2_seq01,way2,gm,S-11_ch_noise_overload,271828,FAIL,0,no_result
gm_w2_seq01,way2,gm,S-11_ch_noise_overload,314159,FAIL,0,no_result
gm_w2_seq02,way2,gm,golden,42,FAIL,0,no_result
gm_w2_seq02,way2,gm,golden,1337,FAIL,0,no_result
gm_w2_seq02,way2,gm,golden,9001,FAIL,0,no_result
gm_w2_seq02,way2,gm,golden,271828,FAIL,0,no_result
gm_w2_seq02,way2,gm,golden,314159,FAIL,0,no_result
gm_w2_seq02,way2,gm,W-01_mod_latency_plus1,42,FAIL,0,no_result
gm_w2_seq02,way2,gm,W-01_mod_latency_plus1,1337,FAIL,0,no_result
gm_w2_seq02,way2,gm,W-01_mod_latency_plus1,9001,FAIL,0,no_result
gm_w2_seq02,way2,gm,W-01_mod_latency_plus1,271828,FAIL,0,no_result
gm_w2_seq02,way2,gm,W-01_mod_latency_plus1,314159,FAIL,0,no_result
gm_w2_seq02,way2,gm,W-02_demod_latency_plus1,42,FAIL,0,no_result
gm_w2_seq02,way2,gm,W-02_demod_latency_plus1,1337,FAIL,0,no_result
gm_w2_seq02,way2,gm,W-02_demod_latency_plus1,9001,FAIL,0,no_result
gm_w2_seq02,way2,gm,W-02_demod_latency_plus1,271828,FAIL,0,no_result
gm_w2_seq02,way2,gm,W-02_demod_latency_plus1,314159,FAIL,0,no_result
gm_w2_seq02,way2,gm,W-03_mod_idle_zero,42,FAIL,0,no_result
gm_w2_seq02,way2,gm,W-03_mod_idle_zero,1337,FAIL,0,no_result
gm_w2_seq02,way2,gm,W-03_mod_idle_zero,9001,FAIL,0,no_result
gm_w2_seq02,way2,gm,W-03_mod_idle_zero,271828,FAIL,0,no_result
gm_w2_seq02,way2,gm,W-03_mod_idle_zero,314159,FAIL,0,no_result
gm_w2_seq02,way2,gm,W-04_demod_idle_zero,42,FAIL,0,no_result
gm_w2_seq02,way2,gm,W-04_demod_idle_zero,1337,FAIL,0,no_result
gm_w2_seq02,way2,gm,W-04_demod_idle_zero,9001,FAIL,0,no_result
gm_w2_seq02,way2,gm,W-04_demod_idle_zero,271828,FAIL,0,no_result
gm_w2_seq02,way2,gm,W-04_demod_idle_zero,314159,FAIL,0,no_result
gm_w2_seq02,way2,gm,W-05_mod_reset_late,42,FAIL,0,no_result
gm_w2_seq02,way2,gm,W-05_mod_reset_late,1337,FAIL,0,no_result
gm_w2_seq02,way2,gm,W-05_mod_reset_late,9001,FAIL,0,no_result
gm_w2_seq02,way2,gm,W-05_mod_reset_late,271828,FAIL,0,no_result
gm_w2_seq02,way2,gm,W-05_mod_reset_late,314159,FAIL,0,no_result
gm_w2_seq02,way2,gm,W-06_demod_reset_late,42,FAIL,0,no_result
gm_w2_seq02,way2,gm,W-06_demod_reset_late,1337,FAIL,0,no_result
gm_w2_seq02,way2,gm,W-06_demod_reset_late,9001,FAIL,0,no_result
gm_w2_seq02,way2,gm,W-06_demod_reset_late,271828,FAIL,0,no_result
gm_w2_seq02,way2,gm,W-06_demod_reset_late,314159,FAIL,0,no_result
gm_w2_seq02,way2,gm,W-07_ch_noise_doubled,42,FAIL,0,no_result
gm_w2_seq02,way2,gm,W-07_ch_noise_doubled,1337,FAIL,0,no_result
gm_w2_seq02,way2,gm,W-07_ch_noise_doubled,9001,FAIL,0,no_result
gm_w2_seq02,way2,gm,W-07_ch_noise_doubled,271828,FAIL,0,no_result
gm_w2_seq02,way2,gm,W-07_ch_noise_doubled,314159,FAIL,0,no_result
gm_w2_seq02,way2,gm,W-08_ch_rotation_doubled,42,FAIL,0,no_result
gm_w2_seq02,way2,gm,W-08_ch_rotation_doubled,1337,FAIL,0,no_result
gm_w2_seq02,way2,gm,W-08_ch_rotation_doubled,9001,FAIL,0,no_result
gm_w2_seq02,way2,gm,W-08_ch_rotation_doubled,271828,FAIL,0,no_result
gm_w2_seq02,way2,gm,W-08_ch_rotation_doubled,314159,FAIL,0,no_result
gm_w2_seq02,way2,gm,W-09_ch_latency_plus1,42,FAIL,0,no_result
gm_w2_seq02,way2,gm,W-09_ch_latency_plus1,1337,FAIL,0,no_result
gm_w2_seq02,way2,gm,W-09_ch_latency_plus1,9001,FAIL,0,no_result
gm_w2_seq02,way2,gm,W-09_ch_latency_plus1,271828,FAIL,0,no_result
gm_w2_seq02,way2,gm,W-09_ch_latency_plus1,314159,FAIL,0,no_result
gm_w2_seq02,way2,gm,W-10_ch_idle_zero,42,FAIL,0,no_result
gm_w2_seq02,way2,gm,W-10_ch_idle_zero,1337,FAIL,0,no_result
gm_w2_seq02,way2,gm,W-10_ch_idle_zero,9001,FAIL,0,no_result
gm_w2_seq02,way2,gm,W-10_ch_idle_zero,271828,FAIL,0,no_result
gm_w2_seq02,way2,gm,W-10_ch_idle_zero,314159,FAIL,0,no_result
gm_w2_seq02,way2,gm,S-01_const_sym10_i,42,FAIL,0,no_result
gm_w2_seq02,way2,gm,S-01_const_sym10_i,1337,FAIL,0,no_result
gm_w2_seq02,way2,gm,S-01_const_sym10_i,9001,FAIL,0,no_result
gm_w2_seq02,way2,gm,S-01_const_sym10_i,271828,FAIL,0,no_result
gm_w2_seq02,way2,gm,S-01_const_sym10_i,314159,FAIL,0,no_result
gm_w2_seq02,way2,gm,S-02_const_sym01_q,42,FAIL,0,no_result
gm_w2_seq02,way2,gm,S-02_const_sym01_q,1337,FAIL,0,no_result
gm_w2_seq02,way2,gm,S-02_const_sym01_q,9001,FAIL,0,no_result
gm_w2_seq02,way2,gm,S-02_const_sym01_q,271828,FAIL,0,no_result
gm_w2_seq02,way2,gm,S-02_const_sym01_q,314159,FAIL,0,no_result
gm_w2_seq02,way2,gm,S-03_slice_invert_i,42,FAIL,0,no_result
gm_w2_seq02,way2,gm,S-03_slice_invert_i,1337,FAIL,0,no_result
gm_w2_seq02,way2,gm,S-03_slice_invert_i,9001,FAIL,0,no_result
gm_w2_seq02,way2,gm,S-03_slice_invert_i,271828,FAIL,0,no_result
gm_w2_seq02,way2,gm,S-03_slice_invert_i,314159,FAIL,0,no_result
gm_w2_seq02,way2,gm,S-05_mod_valid_gate,42,FAIL,0,no_result
gm_w2_seq02,way2,gm,S-05_mod_valid_gate,1337,FAIL,0,no_result
gm_w2_seq02,way2,gm,S-05_mod_valid_gate,9001,FAIL,0,no_result
gm_w2_seq02,way2,gm,S-05_mod_valid_gate,271828,FAIL,0,no_result
gm_w2_seq02,way2,gm,S-05_mod_valid_gate,314159,FAIL,0,no_result
gm_w2_seq02,way2,gm,S-09_ch_q_inversion,42,FAIL,0,no_result
gm_w2_seq02,way2,gm,S-09_ch_q_inversion,1337,FAIL,0,no_result
gm_w2_seq02,way2,gm,S-09_ch_q_inversion,9001,FAIL,0,no_result
gm_w2_seq02,way2,gm,S-09_ch_q_inversion,271828,FAIL,0,no_result
gm_w2_seq02,way2,gm,S-09_ch_q_inversion,314159,FAIL,0,no_result
gm_w2_seq02,way2,gm,S-11_ch_noise_overload,42,FAIL,0,no_result
gm_w2_seq02,way2,gm,S-11_ch_noise_overload,1337,FAIL,0,no_result
gm_w2_seq02,way2,gm,S-11_ch_noise_overload,9001,FAIL,0,no_result
gm_w2_seq02,way2,gm,S-11_ch_noise_overload,271828,FAIL,0,no_result
gm_w2_seq02,way2,gm,S-11_ch_noise_overload,314159,FAIL,0,no_result
gm_w2_seq04,way2,gm,golden,42,PASS,0,
gm_w2_seq04,way2,gm,golden,1337,PASS,0,
gm_w2_seq04,way2,gm,golden,9001,PASS,0,
gm_w2_seq04,way2,gm,golden,271828,PASS,0,
gm_w2_seq04,way2,gm,golden,314159,PASS,0,
gm_w2_seq04,way2,gm,W-01_mod_latency_plus1,42,PASS,0,
gm_w2_seq04,way2,gm,W-01_mod_latency_plus1,1337,PASS,0,
gm_w2_seq04,way2,gm,W-01_mod_latency_plus1,9001,PASS,0,
gm_w2_seq04,way2,gm,W-01_mod_latency_plus1,271828,PASS,0,
gm_w2_seq04,way2,gm,W-01_mod_latency_plus1,314159,PASS,0,
gm_w2_seq04,way2,gm,W-02_demod_latency_plus1,42,PASS,0,
gm_w2_seq04,way2,gm,W-02_demod_latency_plus1,1337,PASS,0,
gm_w2_seq04,way2,gm,W-02_demod_latency_plus1,9001,PASS,0,
gm_w2_seq04,way2,gm,W-02_demod_latency_plus1,271828,PASS,0,
gm_w2_seq04,way2,gm,W-02_demod_latency_plus1,314159,PASS,0,
gm_w2_seq04,way2,gm,W-03_mod_idle_zero,42,PASS,0,
gm_w2_seq04,way2,gm,W-03_mod_idle_zero,1337,PASS,0,
gm_w2_seq04,way2,gm,W-03_mod_idle_zero,9001,PASS,0,
gm_w2_seq04,way2,gm,W-03_mod_idle_zero,271828,PASS,0,
gm_w2_seq04,way2,gm,W-03_mod_idle_zero,314159,PASS,0,
gm_w2_seq04,way2,gm,W-04_demod_idle_zero,42,PASS,0,
gm_w2_seq04,way2,gm,W-04_demod_idle_zero,1337,PASS,0,
gm_w2_seq04,way2,gm,W-04_demod_idle_zero,9001,PASS,0,
gm_w2_seq04,way2,gm,W-04_demod_idle_zero,271828,PASS,0,
gm_w2_seq04,way2,gm,W-04_demod_idle_zero,314159,PASS,0,
gm_w2_seq04,way2,gm,W-05_mod_reset_late,42,PASS,0,
gm_w2_seq04,way2,gm,W-05_mod_reset_late,1337,PASS,0,
gm_w2_seq04,way2,gm,W-05_mod_reset_late,9001,PASS,0,
gm_w2_seq04,way2,gm,W-05_mod_reset_late,271828,PASS,0,
gm_w2_seq04,way2,gm,W-05_mod_reset_late,314159,PASS,0,
gm_w2_seq04,way2,gm,W-06_demod_reset_late,42,PASS,0,
gm_w2_seq04,way2,gm,W-06_demod_reset_late,1337,PASS,0,
gm_w2_seq04,way2,gm,W-06_demod_reset_late,9001,PASS,0,
gm_w2_seq04,way2,gm,W-06_demod_reset_late,271828,PASS,0,
gm_w2_seq04,way2,gm,W-06_demod_reset_late,314159,PASS,0,
gm_w2_seq04,way2,gm,W-07_ch_noise_doubled,42,PASS,0,
gm_w2_seq04,way2,gm,W-07_ch_noise_doubled,1337,PASS,0,
gm_w2_seq04,way2,gm,W-07_ch_noise_doubled,9001,PASS,0,
gm_w2_seq04,way2,gm,W-07_ch_noise_doubled,271828,PASS,0,
gm_w2_seq04,way2,gm,W-07_ch_noise_doubled,314159,PASS,0,
gm_w2_seq04,way2,gm,W-08_ch_rotation_doubled,42,PASS,0,
gm_w2_seq04,way2,gm,W-08_ch_rotation_doubled,1337,PASS,0,
gm_w2_seq04,way2,gm,W-08_ch_rotation_doubled,9001,PASS,0,
gm_w2_seq04,way2,gm,W-08_ch_rotation_doubled,271828,PASS,0,
gm_w2_seq04,way2,gm,W-08_ch_rotation_doubled,314159,PASS,0,
gm_w2_seq04,way2,gm,W-09_ch_latency_plus1,42,PASS,0,
gm_w2_seq04,way2,gm,W-09_ch_latency_plus1,1337,PASS,0,
gm_w2_seq04,way2,gm,W-09_ch_latency_plus1,9001,PASS,0,
gm_w2_seq04,way2,gm,W-09_ch_latency_plus1,271828,PASS,0,
gm_w2_seq04,way2,gm,W-09_ch_latency_plus1,314159,PASS,0,
gm_w2_seq04,way2,gm,W-10_ch_idle_zero,42,PASS,0,
gm_w2_seq04,way2,gm,W-10_ch_idle_zero,1337,PASS,0,
gm_w2_seq04,way2,gm,W-10_ch_idle_zero,9001,PASS,0,
gm_w2_seq04,way2,gm,W-10_ch_idle_zero,271828,PASS,0,
gm_w2_seq04,way2,gm,W-10_ch_idle_zero,314159,PASS,0,
gm_w2_seq04,way2,gm,S-01_const_sym10_i,42,FAIL,10,result_fail
gm_w2_seq04,way2,gm,S-01_const_sym10_i,1337,FAIL,10,result_fail
gm_w2_seq04,way2,gm,S-01_const_sym10_i,9001,FAIL,10,result_fail
gm_w2_seq04,way2,gm,S-01_const_sym10_i,271828,FAIL,10,result_fail
gm_w2_seq04,way2,gm,S-01_const_sym10_i,314159,FAIL,10,result_fail
gm_w2_seq04,way2,gm,S-02_const_sym01_q,42,FAIL,10,result_fail
gm_w2_seq04,way2,gm,S-02_const_sym01_q,1337,FAIL,10,result_fail
gm_w2_seq04,way2,gm,S-02_const_sym01_q,9001,FAIL,10,result_fail
gm_w2_seq04,way2,gm,S-02_const_sym01_q,271828,FAIL,10,result_fail
gm_w2_seq04,way2,gm,S-02_const_sym01_q,314159,FAIL,10,result_fail
gm_w2_seq04,way2,gm,S-03_slice_invert_i,42,FAIL,40,result_fail
gm_w2_seq04,way2,gm,S-03_slice_invert_i,1337,FAIL,40,result_fail
gm_w2_seq04,way2,gm,S-03_slice_invert_i,9001,FAIL,40,result_fail
gm_w2_seq04,way2,gm,S-03_slice_invert_i,271828,FAIL,40,result_fail
gm_w2_seq04,way2,gm,S-03_slice_invert_i,314159,FAIL,40,result_fail
gm_w2_seq04,way2,gm,S-05_mod_valid_gate,42,FAIL,36,result_fail
gm_w2_seq04,way2,gm,S-05_mod_valid_gate,1337,FAIL,36,result_fail
gm_w2_seq04,way2,gm,S-05_mod_valid_gate,9001,FAIL,36,result_fail
gm_w2_seq04,way2,gm,S-05_mod_valid_gate,271828,FAIL,36,result_fail
gm_w2_seq04,way2,gm,S-05_mod_valid_gate,314159,FAIL,36,result_fail
gm_w2_seq04,way2,gm,S-09_ch_q_inversion,42,FAIL,40,result_fail
gm_w2_seq04,way2,gm,S-09_ch_q_inversion,1337,FAIL,40,result_fail
gm_w2_seq04,way2,gm,S-09_ch_q_inversion,9001,FAIL,40,result_fail
gm_w2_seq04,way2,gm,S-09_ch_q_inversion,271828,FAIL,40,result_fail
gm_w2_seq04,way2,gm,S-09_ch_q_inversion,314159,FAIL,40,result_fail
gm_w2_seq04,way2,gm,S-11_ch_noise_overload,42,FAIL,29,result_fail
gm_w2_seq04,way2,gm,S-11_ch_noise_overload,1337,FAIL,21,result_fail
gm_w2_seq04,way2,gm,S-11_ch_noise_overload,9001,FAIL,26,result_fail
gm_w2_seq04,way2,gm,S-11_ch_noise_overload,271828,FAIL,27,result_fail
gm_w2_seq04,way2,gm,S-11_ch_noise_overload,314159,FAIL,29,result_fail
gm_w2_seq05,way2,gm,golden,42,FAIL,0,no_result
gm_w2_seq05,way2,gm,golden,1337,FAIL,0,no_result
gm_w2_seq05,way2,gm,golden,9001,FAIL,0,no_result
gm_w2_seq05,way2,gm,golden,271828,FAIL,0,no_result
gm_w2_seq05,way2,gm,golden,314159,FAIL,0,no_result
gm_w2_seq05,way2,gm,W-01_mod_latency_plus1,42,FAIL,0,no_result
gm_w2_seq05,way2,gm,W-01_mod_latency_plus1,1337,FAIL,0,no_result
gm_w2_seq05,way2,gm,W-01_mod_latency_plus1,9001,FAIL,0,no_result
gm_w2_seq05,way2,gm,W-01_mod_latency_plus1,271828,FAIL,0,no_result
gm_w2_seq05,way2,gm,W-01_mod_latency_plus1,314159,FAIL,0,no_result
gm_w2_seq05,way2,gm,W-02_demod_latency_plus1,42,FAIL,0,no_result
gm_w2_seq05,way2,gm,W-02_demod_latency_plus1,1337,FAIL,0,no_result
gm_w2_seq05,way2,gm,W-02_demod_latency_plus1,9001,FAIL,0,no_result
gm_w2_seq05,way2,gm,W-02_demod_latency_plus1,271828,FAIL,0,no_result
gm_w2_seq05,way2,gm,W-02_demod_latency_plus1,314159,FAIL,0,no_result
gm_w2_seq05,way2,gm,W-03_mod_idle_zero,42,FAIL,0,no_result
gm_w2_seq05,way2,gm,W-03_mod_idle_zero,1337,FAIL,0,no_result
gm_w2_seq05,way2,gm,W-03_mod_idle_zero,9001,FAIL,0,no_result
gm_w2_seq05,way2,gm,W-03_mod_idle_zero,271828,FAIL,0,no_result
gm_w2_seq05,way2,gm,W-03_mod_idle_zero,314159,FAIL,0,no_result
gm_w2_seq05,way2,gm,W-04_demod_idle_zero,42,FAIL,0,no_result
gm_w2_seq05,way2,gm,W-04_demod_idle_zero,1337,FAIL,0,no_result
gm_w2_seq05,way2,gm,W-04_demod_idle_zero,9001,FAIL,0,no_result
gm_w2_seq05,way2,gm,W-04_demod_idle_zero,271828,FAIL,0,no_result
gm_w2_seq05,way2,gm,W-04_demod_idle_zero,314159,FAIL,0,no_result
gm_w2_seq05,way2,gm,W-05_mod_reset_late,42,FAIL,0,no_result
gm_w2_seq05,way2,gm,W-05_mod_reset_late,1337,FAIL,0,no_result
gm_w2_seq05,way2,gm,W-05_mod_reset_late,9001,FAIL,0,no_result
gm_w2_seq05,way2,gm,W-05_mod_reset_late,271828,FAIL,0,no_result
gm_w2_seq05,way2,gm,W-05_mod_reset_late,314159,FAIL,0,no_result
gm_w2_seq05,way2,gm,W-06_demod_reset_late,42,FAIL,0,no_result
gm_w2_seq05,way2,gm,W-06_demod_reset_late,1337,FAIL,0,no_result
gm_w2_seq05,way2,gm,W-06_demod_reset_late,9001,FAIL,0,no_result
gm_w2_seq05,way2,gm,W-06_demod_reset_late,271828,FAIL,0,no_result
gm_w2_seq05,way2,gm,W-06_demod_reset_late,314159,FAIL,0,no_result
gm_w2_seq05,way2,gm,W-07_ch_noise_doubled,42,FAIL,0,no_result
gm_w2_seq05,way2,gm,W-07_ch_noise_doubled,1337,FAIL,0,no_result
gm_w2_seq05,way2,gm,W-07_ch_noise_doubled,9001,FAIL,0,no_result
gm_w2_seq05,way2,gm,W-07_ch_noise_doubled,271828,FAIL,0,no_result
gm_w2_seq05,way2,gm,W-07_ch_noise_doubled,314159,FAIL,0,no_result
gm_w2_seq05,way2,gm,W-08_ch_rotation_doubled,42,FAIL,0,no_result
gm_w2_seq05,way2,gm,W-08_ch_rotation_doubled,1337,FAIL,0,no_result
gm_w2_seq05,way2,gm,W-08_ch_rotation_doubled,9001,FAIL,0,no_result
gm_w2_seq05,way2,gm,W-08_ch_rotation_doubled,271828,FAIL,0,no_result
gm_w2_seq05,way2,gm,W-08_ch_rotation_doubled,314159,FAIL,0,no_result
gm_w2_seq05,way2,gm,W-09_ch_latency_plus1,42,FAIL,0,no_result
gm_w2_seq05,way2,gm,W-09_ch_latency_plus1,1337,FAIL,0,no_result
gm_w2_seq05,way2,gm,W-09_ch_latency_plus1,9001,FAIL,0,no_result
gm_w2_seq05,way2,gm,W-09_ch_latency_plus1,271828,FAIL,0,no_result
gm_w2_seq05,way2,gm,W-09_ch_latency_plus1,314159,FAIL,0,no_result
gm_w2_seq05,way2,gm,W-10_ch_idle_zero,42,FAIL,0,no_result
gm_w2_seq05,way2,gm,W-10_ch_idle_zero,1337,FAIL,0,no_result
gm_w2_seq05,way2,gm,W-10_ch_idle_zero,9001,FAIL,0,no_result
gm_w2_seq05,way2,gm,W-10_ch_idle_zero,271828,FAIL,0,no_result
gm_w2_seq05,way2,gm,W-10_ch_idle_zero,314159,FAIL,0,no_result
gm_w2_seq05,way2,gm,S-01_const_sym10_i,42,FAIL,0,no_result
gm_w2_seq05,way2,gm,S-01_const_sym10_i,1337,FAIL,0,no_result
gm_w2_seq05,way2,gm,S-01_const_sym10_i,9001,FAIL,0,no_result
gm_w2_seq05,way2,gm,S-01_const_sym10_i,271828,FAIL,0,no_result
gm_w2_seq05,way2,gm,S-01_const_sym10_i,314159,FAIL,0,no_result
gm_w2_seq05,way2,gm,S-02_const_sym01_q,42,FAIL,0,no_result
gm_w2_seq05,way2,gm,S-02_const_sym01_q,1337,FAIL,0,no_result
gm_w2_seq05,way2,gm,S-02_const_sym01_q,9001,FAIL,0,no_result
gm_w2_seq05,way2,gm,S-02_const_sym01_q,271828,FAIL,0,no_result
gm_w2_seq05,way2,gm,S-02_const_sym01_q,314159,FAIL,0,no_result
gm_w2_seq05,way2,gm,S-03_slice_invert_i,42,FAIL,0,no_result
gm_w2_seq05,way2,gm,S-03_slice_invert_i,1337,FAIL,0,no_result
gm_w2_seq05,way2,gm,S-03_slice_invert_i,9001,FAIL,0,no_result
gm_w2_seq05,way2,gm,S-03_slice_invert_i,271828,FAIL,0,no_result
gm_w2_seq05,way2,gm,S-03_slice_invert_i,314159,FAIL,0,no_result
gm_w2_seq05,way2,gm,S-05_mod_valid_gate,42,FAIL,0,no_result
gm_w2_seq05,way2,gm,S-05_mod_valid_gate,1337,FAIL,0,no_result
gm_w2_seq05,way2,gm,S-05_mod_valid_gate,9001,FAIL,0,no_result
gm_w2_seq05,way2,gm,S-05_mod_valid_gate,271828,FAIL,0,no_result
gm_w2_seq05,way2,gm,S-05_mod_valid_gate,314159,FAIL,0,no_result
gm_w2_seq05,way2,gm,S-09_ch_q_inversion,42,FAIL,0,no_result
gm_w2_seq05,way2,gm,S-09_ch_q_inversion,1337,FAIL,0,no_result
gm_w2_seq05,way2,gm,S-09_ch_q_inversion,9001,FAIL,0,no_result
gm_w2_seq05,way2,gm,S-09_ch_q_inversion,271828,FAIL,0,no_result
gm_w2_seq05,way2,gm,S-09_ch_q_inversion,314159,FAIL,0,no_result
gm_w2_seq05,way2,gm,S-11_ch_noise_overload,42,FAIL,0,no_result
gm_w2_seq05,way2,gm,S-11_ch_noise_overload,1337,FAIL,0,no_result
gm_w2_seq05,way2,gm,S-11_ch_noise_overload,9001,FAIL,0,no_result
gm_w2_seq05,way2,gm,S-11_ch_noise_overload,271828,FAIL,0,no_result
gm_w2_seq05,way2,gm,S-11_ch_noise_overload,314159,FAIL,0,no_result
gm_w2_sb01,way2,gm,golden,42,PASS,0,
gm_w2_sb01,way2,gm,golden,1337,PASS,0,
gm_w2_sb01,way2,gm,golden,9001,PASS,0,
gm_w2_sb01,way2,gm,golden,271828,PASS,0,
gm_w2_sb01,way2,gm,golden,314159,PASS,0,
gm_w2_sb01,way2,gm,W-01_mod_latency_plus1,42,PASS,0,
gm_w2_sb01,way2,gm,W-01_mod_latency_plus1,1337,PASS,0,
gm_w2_sb01,way2,gm,W-01_mod_latency_plus1,9001,PASS,0,
gm_w2_sb01,way2,gm,W-01_mod_latency_plus1,271828,PASS,0,
gm_w2_sb01,way2,gm,W-01_mod_latency_plus1,314159,PASS,0,
gm_w2_sb01,way2,gm,W-02_demod_latency_plus1,42,PASS,0,
gm_w2_sb01,way2,gm,W-02_demod_latency_plus1,1337,PASS,0,
gm_w2_sb01,way2,gm,W-02_demod_latency_plus1,9001,PASS,0,
gm_w2_sb01,way2,gm,W-02_demod_latency_plus1,271828,PASS,0,
gm_w2_sb01,way2,gm,W-02_demod_latency_plus1,314159,PASS,0,
gm_w2_sb01,way2,gm,W-03_mod_idle_zero,42,PASS,0,
gm_w2_sb01,way2,gm,W-03_mod_idle_zero,1337,PASS,0,
gm_w2_sb01,way2,gm,W-03_mod_idle_zero,9001,PASS,0,
gm_w2_sb01,way2,gm,W-03_mod_idle_zero,271828,PASS,0,
gm_w2_sb01,way2,gm,W-03_mod_idle_zero,314159,PASS,0,
gm_w2_sb01,way2,gm,W-04_demod_idle_zero,42,PASS,0,
gm_w2_sb01,way2,gm,W-04_demod_idle_zero,1337,PASS,0,
gm_w2_sb01,way2,gm,W-04_demod_idle_zero,9001,PASS,0,
gm_w2_sb01,way2,gm,W-04_demod_idle_zero,271828,PASS,0,
gm_w2_sb01,way2,gm,W-04_demod_idle_zero,314159,PASS,0,
gm_w2_sb01,way2,gm,W-05_mod_reset_late,42,PASS,0,
gm_w2_sb01,way2,gm,W-05_mod_reset_late,1337,PASS,0,
gm_w2_sb01,way2,gm,W-05_mod_reset_late,9001,PASS,0,
gm_w2_sb01,way2,gm,W-05_mod_reset_late,271828,PASS,0,
gm_w2_sb01,way2,gm,W-05_mod_reset_late,314159,PASS,0,
gm_w2_sb01,way2,gm,W-06_demod_reset_late,42,PASS,0,
gm_w2_sb01,way2,gm,W-06_demod_reset_late,1337,PASS,0,
gm_w2_sb01,way2,gm,W-06_demod_reset_late,9001,PASS,0,
gm_w2_sb01,way2,gm,W-06_demod_reset_late,271828,PASS,0,
gm_w2_sb01,way2,gm,W-06_demod_reset_late,314159,PASS,0,
gm_w2_sb01,way2,gm,W-07_ch_noise_doubled,42,PASS,0,
gm_w2_sb01,way2,gm,W-07_ch_noise_doubled,1337,PASS,0,
gm_w2_sb01,way2,gm,W-07_ch_noise_doubled,9001,PASS,0,
gm_w2_sb01,way2,gm,W-07_ch_noise_doubled,271828,PASS,0,
gm_w2_sb01,way2,gm,W-07_ch_noise_doubled,314159,PASS,0,
gm_w2_sb01,way2,gm,W-08_ch_rotation_doubled,42,PASS,0,
gm_w2_sb01,way2,gm,W-08_ch_rotation_doubled,1337,PASS,0,
gm_w2_sb01,way2,gm,W-08_ch_rotation_doubled,9001,PASS,0,
gm_w2_sb01,way2,gm,W-08_ch_rotation_doubled,271828,PASS,0,
gm_w2_sb01,way2,gm,W-08_ch_rotation_doubled,314159,PASS,0,
gm_w2_sb01,way2,gm,W-09_ch_latency_plus1,42,PASS,0,
gm_w2_sb01,way2,gm,W-09_ch_latency_plus1,1337,PASS,0,
gm_w2_sb01,way2,gm,W-09_ch_latency_plus1,9001,PASS,0,
gm_w2_sb01,way2,gm,W-09_ch_latency_plus1,271828,PASS,0,
gm_w2_sb01,way2,gm,W-09_ch_latency_plus1,314159,PASS,0,
gm_w2_sb01,way2,gm,W-10_ch_idle_zero,42,PASS,0,
gm_w2_sb01,way2,gm,W-10_ch_idle_zero,1337,PASS,0,
gm_w2_sb01,way2,gm,W-10_ch_idle_zero,9001,PASS,0,
gm_w2_sb01,way2,gm,W-10_ch_idle_zero,271828,PASS,0,
gm_w2_sb01,way2,gm,W-10_ch_idle_zero,314159,PASS,0,
gm_w2_sb01,way2,gm,S-01_const_sym10_i,42,FAIL,10,result_fail
gm_w2_sb01,way2,gm,S-01_const_sym10_i,1337,FAIL,10,result_fail
gm_w2_sb01,way2,gm,S-01_const_sym10_i,9001,FAIL,10,result_fail
gm_w2_sb01,way2,gm,S-01_const_sym10_i,271828,FAIL,10,result_fail
gm_w2_sb01,way2,gm,S-01_const_sym10_i,314159,FAIL,10,result_fail
gm_w2_sb01,way2,gm,S-02_const_sym01_q,42,FAIL,10,result_fail
gm_w2_sb01,way2,gm,S-02_const_sym01_q,1337,FAIL,10,result_fail
gm_w2_sb01,way2,gm,S-02_const_sym01_q,9001,FAIL,10,result_fail
gm_w2_sb01,way2,gm,S-02_const_sym01_q,271828,FAIL,10,result_fail
gm_w2_sb01,way2,gm,S-02_const_sym01_q,314159,FAIL,10,result_fail
gm_w2_sb01,way2,gm,S-03_slice_invert_i,42,FAIL,40,result_fail
gm_w2_sb01,way2,gm,S-03_slice_invert_i,1337,FAIL,40,result_fail
gm_w2_sb01,way2,gm,S-03_slice_invert_i,9001,FAIL,40,result_fail
gm_w2_sb01,way2,gm,S-03_slice_invert_i,271828,FAIL,40,result_fail
gm_w2_sb01,way2,gm,S-03_slice_invert_i,314159,FAIL,40,result_fail
gm_w2_sb01,way2,gm,S-05_mod_valid_gate,42,FAIL,31,result_fail
gm_w2_sb01,way2,gm,S-05_mod_valid_gate,1337,FAIL,31,result_fail
gm_w2_sb01,way2,gm,S-05_mod_valid_gate,9001,FAIL,31,result_fail
gm_w2_sb01,way2,gm,S-05_mod_valid_gate,271828,FAIL,31,result_fail
gm_w2_sb01,way2,gm,S-05_mod_valid_gate,314159,FAIL,31,result_fail
gm_w2_sb01,way2,gm,S-09_ch_q_inversion,42,FAIL,40,result_fail
gm_w2_sb01,way2,gm,S-09_ch_q_inversion,1337,FAIL,40,result_fail
gm_w2_sb01,way2,gm,S-09_ch_q_inversion,9001,FAIL,40,result_fail
gm_w2_sb01,way2,gm,S-09_ch_q_inversion,271828,FAIL,40,result_fail
gm_w2_sb01,way2,gm,S-09_ch_q_inversion,314159,FAIL,40,result_fail
gm_w2_sb01,way2,gm,S-11_ch_noise_overload,42,FAIL,26,result_fail
gm_w2_sb01,way2,gm,S-11_ch_noise_overload,1337,FAIL,23,result_fail
gm_w2_sb01,way2,gm,S-11_ch_noise_overload,9001,FAIL,30,result_fail
gm_w2_sb01,way2,gm,S-11_ch_noise_overload,271828,FAIL,29,result_fail
gm_w2_sb01,way2,gm,S-11_ch_noise_overload,314159,FAIL,28,result_fail
gm_w2_sb02,way2,gm,golden,42,PASS,0,
gm_w2_sb02,way2,gm,golden,1337,PASS,0,
gm_w2_sb02,way2,gm,golden,9001,PASS,0,
gm_w2_sb02,way2,gm,golden,271828,PASS,0,
gm_w2_sb02,way2,gm,golden,314159,PASS,0,
gm_w2_sb02,way2,gm,W-01_mod_latency_plus1,42,PASS,0,
gm_w2_sb02,way2,gm,W-01_mod_latency_plus1,1337,PASS,0,
gm_w2_sb02,way2,gm,W-01_mod_latency_plus1,9001,PASS,0,
gm_w2_sb02,way2,gm,W-01_mod_latency_plus1,271828,PASS,0,
gm_w2_sb02,way2,gm,W-01_mod_latency_plus1,314159,PASS,0,
gm_w2_sb02,way2,gm,W-02_demod_latency_plus1,42,PASS,0,
gm_w2_sb02,way2,gm,W-02_demod_latency_plus1,1337,PASS,0,
gm_w2_sb02,way2,gm,W-02_demod_latency_plus1,9001,PASS,0,
gm_w2_sb02,way2,gm,W-02_demod_latency_plus1,271828,PASS,0,
gm_w2_sb02,way2,gm,W-02_demod_latency_plus1,314159,PASS,0,
gm_w2_sb02,way2,gm,W-03_mod_idle_zero,42,PASS,0,
gm_w2_sb02,way2,gm,W-03_mod_idle_zero,1337,PASS,0,
gm_w2_sb02,way2,gm,W-03_mod_idle_zero,9001,PASS,0,
gm_w2_sb02,way2,gm,W-03_mod_idle_zero,271828,PASS,0,
gm_w2_sb02,way2,gm,W-03_mod_idle_zero,314159,PASS,0,
gm_w2_sb02,way2,gm,W-04_demod_idle_zero,42,PASS,0,
gm_w2_sb02,way2,gm,W-04_demod_idle_zero,1337,PASS,0,
gm_w2_sb02,way2,gm,W-04_demod_idle_zero,9001,PASS,0,
gm_w2_sb02,way2,gm,W-04_demod_idle_zero,271828,PASS,0,
gm_w2_sb02,way2,gm,W-04_demod_idle_zero,314159,PASS,0,
gm_w2_sb02,way2,gm,W-05_mod_reset_late,42,PASS,0,
gm_w2_sb02,way2,gm,W-05_mod_reset_late,1337,PASS,0,
gm_w2_sb02,way2,gm,W-05_mod_reset_late,9001,PASS,0,
gm_w2_sb02,way2,gm,W-05_mod_reset_late,271828,PASS,0,
gm_w2_sb02,way2,gm,W-05_mod_reset_late,314159,PASS,0,
gm_w2_sb02,way2,gm,W-06_demod_reset_late,42,PASS,0,
gm_w2_sb02,way2,gm,W-06_demod_reset_late,1337,PASS,0,
gm_w2_sb02,way2,gm,W-06_demod_reset_late,9001,PASS,0,
gm_w2_sb02,way2,gm,W-06_demod_reset_late,271828,PASS,0,
gm_w2_sb02,way2,gm,W-06_demod_reset_late,314159,PASS,0,
gm_w2_sb02,way2,gm,W-07_ch_noise_doubled,42,PASS,0,
gm_w2_sb02,way2,gm,W-07_ch_noise_doubled,1337,PASS,0,
gm_w2_sb02,way2,gm,W-07_ch_noise_doubled,9001,PASS,0,
gm_w2_sb02,way2,gm,W-07_ch_noise_doubled,271828,PASS,0,
gm_w2_sb02,way2,gm,W-07_ch_noise_doubled,314159,PASS,0,
gm_w2_sb02,way2,gm,W-08_ch_rotation_doubled,42,PASS,0,
gm_w2_sb02,way2,gm,W-08_ch_rotation_doubled,1337,PASS,0,
gm_w2_sb02,way2,gm,W-08_ch_rotation_doubled,9001,PASS,0,
gm_w2_sb02,way2,gm,W-08_ch_rotation_doubled,271828,PASS,0,
gm_w2_sb02,way2,gm,W-08_ch_rotation_doubled,314159,PASS,0,
gm_w2_sb02,way2,gm,W-09_ch_latency_plus1,42,PASS,0,
gm_w2_sb02,way2,gm,W-09_ch_latency_plus1,1337,PASS,0,
gm_w2_sb02,way2,gm,W-09_ch_latency_plus1,9001,PASS,0,
gm_w2_sb02,way2,gm,W-09_ch_latency_plus1,271828,PASS,0,
gm_w2_sb02,way2,gm,W-09_ch_latency_plus1,314159,PASS,0,
gm_w2_sb02,way2,gm,W-10_ch_idle_zero,42,PASS,0,
gm_w2_sb02,way2,gm,W-10_ch_idle_zero,1337,PASS,0,
gm_w2_sb02,way2,gm,W-10_ch_idle_zero,9001,PASS,0,
gm_w2_sb02,way2,gm,W-10_ch_idle_zero,271828,PASS,0,
gm_w2_sb02,way2,gm,W-10_ch_idle_zero,314159,PASS,0,
gm_w2_sb02,way2,gm,S-01_const_sym10_i,42,FAIL,10,result_fail
gm_w2_sb02,way2,gm,S-01_const_sym10_i,1337,FAIL,10,result_fail
gm_w2_sb02,way2,gm,S-01_const_sym10_i,9001,FAIL,10,result_fail
gm_w2_sb02,way2,gm,S-01_const_sym10_i,271828,FAIL,10,result_fail
gm_w2_sb02,way2,gm,S-01_const_sym10_i,314159,FAIL,10,result_fail
gm_w2_sb02,way2,gm,S-02_const_sym01_q,42,FAIL,10,result_fail
gm_w2_sb02,way2,gm,S-02_const_sym01_q,1337,FAIL,10,result_fail
gm_w2_sb02,way2,gm,S-02_const_sym01_q,9001,FAIL,10,result_fail
gm_w2_sb02,way2,gm,S-02_const_sym01_q,271828,FAIL,10,result_fail
gm_w2_sb02,way2,gm,S-02_const_sym01_q,314159,FAIL,10,result_fail
gm_w2_sb02,way2,gm,S-03_slice_invert_i,42,FAIL,40,result_fail
gm_w2_sb02,way2,gm,S-03_slice_invert_i,1337,FAIL,40,result_fail
gm_w2_sb02,way2,gm,S-03_slice_invert_i,9001,FAIL,40,result_fail
gm_w2_sb02,way2,gm,S-03_slice_invert_i,271828,FAIL,40,result_fail
gm_w2_sb02,way2,gm,S-03_slice_invert_i,314159,FAIL,40,result_fail
gm_w2_sb02,way2,gm,S-05_mod_valid_gate,42,FAIL,31,result_fail
gm_w2_sb02,way2,gm,S-05_mod_valid_gate,1337,FAIL,31,result_fail
gm_w2_sb02,way2,gm,S-05_mod_valid_gate,9001,FAIL,31,result_fail
gm_w2_sb02,way2,gm,S-05_mod_valid_gate,271828,FAIL,31,result_fail
gm_w2_sb02,way2,gm,S-05_mod_valid_gate,314159,FAIL,31,result_fail
gm_w2_sb02,way2,gm,S-09_ch_q_inversion,42,FAIL,40,result_fail
gm_w2_sb02,way2,gm,S-09_ch_q_inversion,1337,FAIL,40,result_fail
gm_w2_sb02,way2,gm,S-09_ch_q_inversion,9001,FAIL,40,result_fail
gm_w2_sb02,way2,gm,S-09_ch_q_inversion,271828,FAIL,40,result_fail
gm_w2_sb02,way2,gm,S-09_ch_q_inversion,314159,FAIL,40,result_fail
gm_w2_sb02,way2,gm,S-11_ch_noise_overload,42,FAIL,26,result_fail
gm_w2_sb02,way2,gm,S-11_ch_noise_overload,1337,FAIL,23,result_fail
gm_w2_sb02,way2,gm,S-11_ch_noise_overload,9001,FAIL,30,result_fail
gm_w2_sb02,way2,gm,S-11_ch_noise_overload,271828,FAIL,29,result_fail
gm_w2_sb02,way2,gm,S-11_ch_noise_overload,314159,FAIL,28,result_fail
gm_w2_sb04,way2,gm,golden,42,FAIL,20,result_fail
gm_w2_sb04,way2,gm,golden,1337,FAIL,20,result_fail
gm_w2_sb04,way2,gm,golden,9001,FAIL,20,result_fail
gm_w2_sb04,way2,gm,golden,271828,FAIL,20,result_fail
gm_w2_sb04,way2,gm,golden,314159,FAIL,20,result_fail
gm_w2_sb04,way2,gm,W-01_mod_latency_plus1,42,FAIL,20,result_fail
gm_w2_sb04,way2,gm,W-01_mod_latency_plus1,1337,FAIL,20,result_fail
gm_w2_sb04,way2,gm,W-01_mod_latency_plus1,9001,FAIL,20,result_fail
gm_w2_sb04,way2,gm,W-01_mod_latency_plus1,271828,FAIL,20,result_fail
gm_w2_sb04,way2,gm,W-01_mod_latency_plus1,314159,FAIL,20,result_fail
gm_w2_sb04,way2,gm,W-02_demod_latency_plus1,42,FAIL,20,result_fail
gm_w2_sb04,way2,gm,W-02_demod_latency_plus1,1337,FAIL,20,result_fail
gm_w2_sb04,way2,gm,W-02_demod_latency_plus1,9001,FAIL,20,result_fail
gm_w2_sb04,way2,gm,W-02_demod_latency_plus1,271828,FAIL,20,result_fail
gm_w2_sb04,way2,gm,W-02_demod_latency_plus1,314159,FAIL,20,result_fail
gm_w2_sb04,way2,gm,W-03_mod_idle_zero,42,FAIL,20,result_fail
gm_w2_sb04,way2,gm,W-03_mod_idle_zero,1337,FAIL,20,result_fail
gm_w2_sb04,way2,gm,W-03_mod_idle_zero,9001,FAIL,20,result_fail
gm_w2_sb04,way2,gm,W-03_mod_idle_zero,271828,FAIL,20,result_fail
gm_w2_sb04,way2,gm,W-03_mod_idle_zero,314159,FAIL,20,result_fail
gm_w2_sb04,way2,gm,W-04_demod_idle_zero,42,FAIL,20,result_fail
gm_w2_sb04,way2,gm,W-04_demod_idle_zero,1337,FAIL,20,result_fail
gm_w2_sb04,way2,gm,W-04_demod_idle_zero,9001,FAIL,20,result_fail
gm_w2_sb04,way2,gm,W-04_demod_idle_zero,271828,FAIL,20,result_fail
gm_w2_sb04,way2,gm,W-04_demod_idle_zero,314159,FAIL,20,result_fail
gm_w2_sb04,way2,gm,W-05_mod_reset_late,42,FAIL,20,result_fail
gm_w2_sb04,way2,gm,W-05_mod_reset_late,1337,FAIL,20,result_fail
gm_w2_sb04,way2,gm,W-05_mod_reset_late,9001,FAIL,20,result_fail
gm_w2_sb04,way2,gm,W-05_mod_reset_late,271828,FAIL,20,result_fail
gm_w2_sb04,way2,gm,W-05_mod_reset_late,314159,FAIL,20,result_fail
gm_w2_sb04,way2,gm,W-06_demod_reset_late,42,FAIL,20,result_fail
gm_w2_sb04,way2,gm,W-06_demod_reset_late,1337,FAIL,20,result_fail
gm_w2_sb04,way2,gm,W-06_demod_reset_late,9001,FAIL,20,result_fail
gm_w2_sb04,way2,gm,W-06_demod_reset_late,271828,FAIL,20,result_fail
gm_w2_sb04,way2,gm,W-06_demod_reset_late,314159,FAIL,20,result_fail
gm_w2_sb04,way2,gm,W-07_ch_noise_doubled,42,FAIL,20,result_fail
gm_w2_sb04,way2,gm,W-07_ch_noise_doubled,1337,FAIL,20,result_fail
gm_w2_sb04,way2,gm,W-07_ch_noise_doubled,9001,FAIL,20,result_fail
gm_w2_sb04,way2,gm,W-07_ch_noise_doubled,271828,FAIL,20,result_fail
gm_w2_sb04,way2,gm,W-07_ch_noise_doubled,314159,FAIL,20,result_fail
gm_w2_sb04,way2,gm,W-08_ch_rotation_doubled,42,FAIL,20,result_fail
gm_w2_sb04,way2,gm,W-08_ch_rotation_doubled,1337,FAIL,20,result_fail
gm_w2_sb04,way2,gm,W-08_ch_rotation_doubled,9001,FAIL,20,result_fail
gm_w2_sb04,way2,gm,W-08_ch_rotation_doubled,271828,FAIL,20,result_fail
gm_w2_sb04,way2,gm,W-08_ch_rotation_doubled,314159,FAIL,20,result_fail
gm_w2_sb04,way2,gm,W-09_ch_latency_plus1,42,FAIL,20,result_fail
gm_w2_sb04,way2,gm,W-09_ch_latency_plus1,1337,FAIL,20,result_fail
gm_w2_sb04,way2,gm,W-09_ch_latency_plus1,9001,FAIL,20,result_fail
gm_w2_sb04,way2,gm,W-09_ch_latency_plus1,271828,FAIL,20,result_fail
gm_w2_sb04,way2,gm,W-09_ch_latency_plus1,314159,FAIL,20,result_fail
gm_w2_sb04,way2,gm,W-10_ch_idle_zero,42,FAIL,20,result_fail
gm_w2_sb04,way2,gm,W-10_ch_idle_zero,1337,FAIL,20,result_fail
gm_w2_sb04,way2,gm,W-10_ch_idle_zero,9001,FAIL,20,result_fail
gm_w2_sb04,way2,gm,W-10_ch_idle_zero,271828,FAIL,20,result_fail
gm_w2_sb04,way2,gm,W-10_ch_idle_zero,314159,FAIL,20,result_fail
gm_w2_sb04,way2,gm,S-01_const_sym10_i,42,FAIL,10,result_fail
gm_w2_sb04,way2,gm,S-01_const_sym10_i,1337,FAIL,10,result_fail
gm_w2_sb04,way2,gm,S-01_const_sym10_i,9001,FAIL,10,result_fail
gm_w2_sb04,way2,gm,S-01_const_sym10_i,271828,FAIL,10,result_fail
gm_w2_sb04,way2,gm,S-01_const_sym10_i,314159,FAIL,10,result_fail
gm_w2_sb04,way2,gm,S-02_const_sym01_q,42,FAIL,30,result_fail
gm_w2_sb04,way2,gm,S-02_const_sym01_q,1337,FAIL,30,result_fail
gm_w2_sb04,way2,gm,S-02_const_sym01_q,9001,FAIL,30,result_fail
gm_w2_sb04,way2,gm,S-02_const_sym01_q,271828,FAIL,30,result_fail
gm_w2_sb04,way2,gm,S-02_const_sym01_q,314159,FAIL,30,result_fail
gm_w2_sb04,way2,gm,S-03_slice_invert_i,42,FAIL,20,result_fail
gm_w2_sb04,way2,gm,S-03_slice_invert_i,1337,FAIL,20,result_fail
gm_w2_sb04,way2,gm,S-03_slice_invert_i,9001,FAIL,20,result_fail
gm_w2_sb04,way2,gm,S-03_slice_invert_i,271828,FAIL,20,result_fail
gm_w2_sb04,way2,gm,S-03_slice_invert_i,314159,FAIL,20,result_fail
gm_w2_sb04,way2,gm,S-05_mod_valid_gate,42,FAIL,41,result_fail
gm_w2_sb04,way2,gm,S-05_mod_valid_gate,1337,FAIL,41,result_fail
gm_w2_sb04,way2,gm,S-05_mod_valid_gate,9001,FAIL,41,result_fail
gm_w2_sb04,way2,gm,S-05_mod_valid_gate,271828,FAIL,41,result_fail
gm_w2_sb04,way2,gm,S-05_mod_valid_gate,314159,FAIL,41,result_fail
gm_w2_sb04,way2,gm,S-09_ch_q_inversion,42,FAIL,40,result_fail
gm_w2_sb04,way2,gm,S-09_ch_q_inversion,1337,FAIL,40,result_fail
gm_w2_sb04,way2,gm,S-09_ch_q_inversion,9001,FAIL,40,result_fail
gm_w2_sb04,way2,gm,S-09_ch_q_inversion,271828,FAIL,40,result_fail
gm_w2_sb04,way2,gm,S-09_ch_q_inversion,314159,FAIL,40,result_fail
gm_w2_sb04,way2,gm,S-11_ch_noise_overload,42,FAIL,25,result_fail
gm_w2_sb04,way2,gm,S-11_ch_noise_overload,1337,FAIL,27,result_fail
gm_w2_sb04,way2,gm,S-11_ch_noise_overload,9001,FAIL,26,result_fail
gm_w2_sb04,way2,gm,S-11_ch_noise_overload,271828,FAIL,33,result_fail
gm_w2_sb04,way2,gm,S-11_ch_noise_overload,314159,FAIL,27,result_fail
gm_w2_sb05,way2,gm,golden,42,PASS,0,
gm_w2_sb05,way2,gm,golden,1337,PASS,0,
gm_w2_sb05,way2,gm,golden,9001,PASS,0,
gm_w2_sb05,way2,gm,golden,271828,PASS,0,
gm_w2_sb05,way2,gm,golden,314159,PASS,0,
gm_w2_sb05,way2,gm,W-01_mod_latency_plus1,42,PASS,0,
gm_w2_sb05,way2,gm,W-01_mod_latency_plus1,1337,PASS,0,
gm_w2_sb05,way2,gm,W-01_mod_latency_plus1,9001,PASS,0,
gm_w2_sb05,way2,gm,W-01_mod_latency_plus1,271828,PASS,0,
gm_w2_sb05,way2,gm,W-01_mod_latency_plus1,314159,PASS,0,
gm_w2_sb05,way2,gm,W-02_demod_latency_plus1,42,PASS,0,
gm_w2_sb05,way2,gm,W-02_demod_latency_plus1,1337,PASS,0,
gm_w2_sb05,way2,gm,W-02_demod_latency_plus1,9001,PASS,0,
gm_w2_sb05,way2,gm,W-02_demod_latency_plus1,271828,PASS,0,
gm_w2_sb05,way2,gm,W-02_demod_latency_plus1,314159,PASS,0,
gm_w2_sb05,way2,gm,W-03_mod_idle_zero,42,PASS,0,
gm_w2_sb05,way2,gm,W-03_mod_idle_zero,1337,PASS,0,
gm_w2_sb05,way2,gm,W-03_mod_idle_zero,9001,PASS,0,
gm_w2_sb05,way2,gm,W-03_mod_idle_zero,271828,PASS,0,
gm_w2_sb05,way2,gm,W-03_mod_idle_zero,314159,PASS,0,
gm_w2_sb05,way2,gm,W-04_demod_idle_zero,42,PASS,0,
gm_w2_sb05,way2,gm,W-04_demod_idle_zero,1337,PASS,0,
gm_w2_sb05,way2,gm,W-04_demod_idle_zero,9001,PASS,0,
gm_w2_sb05,way2,gm,W-04_demod_idle_zero,271828,PASS,0,
gm_w2_sb05,way2,gm,W-04_demod_idle_zero,314159,PASS,0,
gm_w2_sb05,way2,gm,W-05_mod_reset_late,42,PASS,0,
gm_w2_sb05,way2,gm,W-05_mod_reset_late,1337,PASS,0,
gm_w2_sb05,way2,gm,W-05_mod_reset_late,9001,PASS,0,
gm_w2_sb05,way2,gm,W-05_mod_reset_late,271828,PASS,0,
gm_w2_sb05,way2,gm,W-05_mod_reset_late,314159,PASS,0,
gm_w2_sb05,way2,gm,W-06_demod_reset_late,42,PASS,0,
gm_w2_sb05,way2,gm,W-06_demod_reset_late,1337,PASS,0,
gm_w2_sb05,way2,gm,W-06_demod_reset_late,9001,PASS,0,
gm_w2_sb05,way2,gm,W-06_demod_reset_late,271828,PASS,0,
gm_w2_sb05,way2,gm,W-06_demod_reset_late,314159,PASS,0,
gm_w2_sb05,way2,gm,W-07_ch_noise_doubled,42,PASS,0,
gm_w2_sb05,way2,gm,W-07_ch_noise_doubled,1337,PASS,0,
gm_w2_sb05,way2,gm,W-07_ch_noise_doubled,9001,PASS,0,
gm_w2_sb05,way2,gm,W-07_ch_noise_doubled,271828,PASS,0,
gm_w2_sb05,way2,gm,W-07_ch_noise_doubled,314159,PASS,0,
gm_w2_sb05,way2,gm,W-08_ch_rotation_doubled,42,PASS,0,
gm_w2_sb05,way2,gm,W-08_ch_rotation_doubled,1337,PASS,0,
gm_w2_sb05,way2,gm,W-08_ch_rotation_doubled,9001,PASS,0,
gm_w2_sb05,way2,gm,W-08_ch_rotation_doubled,271828,PASS,0,
gm_w2_sb05,way2,gm,W-08_ch_rotation_doubled,314159,PASS,0,
gm_w2_sb05,way2,gm,W-09_ch_latency_plus1,42,PASS,0,
gm_w2_sb05,way2,gm,W-09_ch_latency_plus1,1337,PASS,0,
gm_w2_sb05,way2,gm,W-09_ch_latency_plus1,9001,PASS,0,
gm_w2_sb05,way2,gm,W-09_ch_latency_plus1,271828,PASS,0,
gm_w2_sb05,way2,gm,W-09_ch_latency_plus1,314159,PASS,0,
gm_w2_sb05,way2,gm,W-10_ch_idle_zero,42,PASS,0,
gm_w2_sb05,way2,gm,W-10_ch_idle_zero,1337,PASS,0,
gm_w2_sb05,way2,gm,W-10_ch_idle_zero,9001,PASS,0,
gm_w2_sb05,way2,gm,W-10_ch_idle_zero,271828,PASS,0,
gm_w2_sb05,way2,gm,W-10_ch_idle_zero,314159,PASS,0,
gm_w2_sb05,way2,gm,S-01_const_sym10_i,42,FAIL,10,result_fail
gm_w2_sb05,way2,gm,S-01_const_sym10_i,1337,FAIL,10,result_fail
gm_w2_sb05,way2,gm,S-01_const_sym10_i,9001,FAIL,10,result_fail
gm_w2_sb05,way2,gm,S-01_const_sym10_i,271828,FAIL,10,result_fail
gm_w2_sb05,way2,gm,S-01_const_sym10_i,314159,FAIL,10,result_fail
gm_w2_sb05,way2,gm,S-02_const_sym01_q,42,FAIL,10,result_fail
gm_w2_sb05,way2,gm,S-02_const_sym01_q,1337,FAIL,10,result_fail
gm_w2_sb05,way2,gm,S-02_const_sym01_q,9001,FAIL,10,result_fail
gm_w2_sb05,way2,gm,S-02_const_sym01_q,271828,FAIL,10,result_fail
gm_w2_sb05,way2,gm,S-02_const_sym01_q,314159,FAIL,10,result_fail
gm_w2_sb05,way2,gm,S-03_slice_invert_i,42,FAIL,40,result_fail
gm_w2_sb05,way2,gm,S-03_slice_invert_i,1337,FAIL,40,result_fail
gm_w2_sb05,way2,gm,S-03_slice_invert_i,9001,FAIL,40,result_fail
gm_w2_sb05,way2,gm,S-03_slice_invert_i,271828,FAIL,40,result_fail
gm_w2_sb05,way2,gm,S-03_slice_invert_i,314159,FAIL,40,result_fail
gm_w2_sb05,way2,gm,S-05_mod_valid_gate,42,FAIL,31,result_fail
gm_w2_sb05,way2,gm,S-05_mod_valid_gate,1337,FAIL,31,result_fail
gm_w2_sb05,way2,gm,S-05_mod_valid_gate,9001,FAIL,31,result_fail
gm_w2_sb05,way2,gm,S-05_mod_valid_gate,271828,FAIL,31,result_fail
gm_w2_sb05,way2,gm,S-05_mod_valid_gate,314159,FAIL,31,result_fail
gm_w2_sb05,way2,gm,S-09_ch_q_inversion,42,FAIL,40,result_fail
gm_w2_sb05,way2,gm,S-09_ch_q_inversion,1337,FAIL,40,result_fail
gm_w2_sb05,way2,gm,S-09_ch_q_inversion,9001,FAIL,40,result_fail
gm_w2_sb05,way2,gm,S-09_ch_q_inversion,271828,FAIL,40,result_fail
gm_w2_sb05,way2,gm,S-09_ch_q_inversion,314159,FAIL,40,result_fail
gm_w2_sb05,way2,gm,S-11_ch_noise_overload,42,FAIL,26,result_fail
gm_w2_sb05,way2,gm,S-11_ch_noise_overload,1337,FAIL,23,result_fail
gm_w2_sb05,way2,gm,S-11_ch_noise_overload,9001,FAIL,30,result_fail
gm_w2_sb05,way2,gm,S-11_ch_noise_overload,271828,FAIL,29,result_fail
gm_w2_sb05,way2,gm,S-11_ch_noise_overload,314159,FAIL,28,result_fail
